ลำดับ,,เลขที่เอกสาร,วันที่-เวลา,,,
1,,INV20170800007,2017-08-01 14:03:56,,,
,,,,,,
,ลำดับ,รหัสสินค้า,,ออพชั่น,จำนวน,
,1,D-0257-BLACK,,M,1,
,2,SK-0259-NAVY,,S,1,
,3,T-0260-NAVY,,---,1,
,,,,รวมก่อนลด,3,
,,,,ส่วนลด,,
,,,,ยอดสุทธิ,,
,,,,,,
,,,,,,
,,,,,,
,,,,,,
2,,INV20170800010,2017-08-01 16:04:08,,,
,,,,,,
,ลำดับ,รหัสสินค้า,,ออพชั่น,จำนวน,
,1,T-0228-WHITE,,M,1,
,,,,รวมก่อนลด,1,
,,,,ส่วนลด,,
,,,,ยอดสุทธิ,,
,,,,,,
,,,,,,
,,,,,,
,,,,,,
3,,INV20170800012,2017-08-01 16:09:55,,,
,,,,,,
,ลำดับ,รหัสสินค้า,,ออพชั่น,จำนวน,
,1,SH-0229-BLACK,,M,1,
,2,SH-0229-NAVY,,M,1,
,,,,รวมก่อนลด,2,
,,,,ส่วนลด,,
,,,,ยอดสุทธิ,,
,,,,,,
,,,,,,
,,,,,,
,,,,,,
4,,INV20170800020,2017-08-01 17:57:10,,,
,,,,,,
,ลำดับ,รหัสสินค้า,,ออพชั่น,จำนวน,
,1,SK-0248-WHITE,,S,1,
,,,,รวมก่อนลด,1,
,,,,ส่วนลด,,
,,,,ยอดสุทธิ,,
,,,,,,
,,,,,,
,,,,,,
,,,,,,
5,,INV20170800025,2017-08-01 18:34:33,,,
,,,,,,
,ลำดับ,รหัสสินค้า,,ออพชั่น,จำนวน,
,1,D-0183-NUDE PINK,,S,1,
,2,D-0216-WHITE,,S,1,
,3,D-0257-GREY,,S,1,
,,,,รวมก่อนลด,3,
,,,,ส่วนลด,,
,,,,ยอดสุทธิ,,
,,,,,,
,,,,,,
,,,,,,
,,,,,,
6,,INV20170800027,2017-08-01 18:42:28,,,
,,,,,,
,ลำดับ,รหัสสินค้า,,ออพชั่น,จำนวน,
,1,SK-0251-BLUE GREY,,L,1,
,,,,รวมก่อนลด,1,
,,,,ส่วนลด,,
,,,,ยอดสุทธิ,,
,,,,,,
,,,,,,
,,,,,,
,,,,,,
7,,INV20170800030,2017-08-01 18:53:02,,,
,,,,,,
,ลำดับ,รหัสสินค้า,,ออพชั่น,จำนวน,
,1,D-0253-BLACK,,M,1,
,,,,รวมก่อนลด,1,
,,,,ส่วนลด,,
,,,,ยอดสุทธิ,,
,,,,,,
,,,,,,
,,,,,,
,,,,,,
8,,INV20170800032,2017-08-01 18:58:08,,,
,,,,,,
,ลำดับ,รหัสสินค้า,,ออพชั่น,จำนวน,
,1,D-0204-BLACK,,S,1,
,,,,รวมก่อนลด,1,
,,,,ส่วนลด,,
,,,,ยอดสุทธิ,,
,,,,,,
,,,,,,
,,,,,,
,,,,,,
9,,INV20170800034,2017-08-01 19:15:04,,,
,,,,,,
,ลำดับ,รหัสสินค้า,,ออพชั่น,จำนวน,
,1,D-0246-BLACK,,M,1,
,,,,รวมก่อนลด,1,
,,,,ส่วนลด,,
,,,,ยอดสุทธิ,,
,,,,,,
,,,,,,
,,,,,,
,,,,,,
10,,INV20170800035,2017-08-01 19:17:37,,,
,,,,,,
,ลำดับ,รหัสสินค้า,,ออพชั่น,จำนวน,
,1,D-0253-GREEN,,S,1,
,2,T-0110-WHITE,,---,1,
,3,T-0237-BLACK,,S,1,
,,,,รวมก่อนลด,3,
,,,,ส่วนลด,,
,,,,ยอดสุทธิ,,
,,,,,,
,,,,,,
,,,,,,
,,,,,,
11,,INV20170800037,2017-08-01 19:23:10,,,
,,,,,,
,ลำดับ,รหัสสินค้า,,ออพชั่น,จำนวน,
,1,D-0183-NUDE PINK,,S,1,
,2,D-0257-DARK BLUE,,S,1,
,,,,รวมก่อนลด,2,
,,,,ส่วนลด,,
,,,,ยอดสุทธิ,,
,,,,,,
,,,,,,
,,,,,,
,,,,,,
12,,INV20170800039,2017-08-01 19:30:12,,,
,,,,,,
,ลำดับ,รหัสสินค้า,,ออพชั่น,จำนวน,
,1,D-0223-NAVY,,M,1,
,,,,รวมก่อนลด,1,
,,,,ส่วนลด,,
,,,,ยอดสุทธิ,,
,,,,,,
,,,,,,
,,,,,,
,,,,,,
13,,INV20170800041,2017-08-01 19:32:51,,,
,,,,,,
,ลำดับ,รหัสสินค้า,,ออพชั่น,จำนวน,
,1,T-LK-006-BLACK,,---,1,
,,,,รวมก่อนลด,1,
,,,,ส่วนลด,,
,,,,ยอดสุทธิ,,
,,,,,,
,,,,,,
,,,,,,
,,,,,,
14,,INV20170800062,2017-08-02 12:00:15,,,
,,,,,,
,ลำดับ,รหัสสินค้า,,ออพชั่น,จำนวน,
,1,D-0223-NAVY,,S,1,
,,,,รวมก่อนลด,1,
,,,,ส่วนลด,,
,,,,ยอดสุทธิ,,
,,,,,,
,,,,,,
,,,,,,
,,,,,,
15,,INV20170800078,2017-08-02 15:38:06,,,
,,,,,,
,ลำดับ,รหัสสินค้า,,ออพชั่น,จำนวน,
,1,SK-0203-BLACK,,L,1,
,,,,รวมก่อนลด,1,
,,,,ส่วนลด,,
,,,,ยอดสุทธิ,,
,,,,,,
,,,,,,
,,,,,,
,,,,,,
16,,INV20170800084,2017-08-02 16:37:00,,,
,,,,,,
,ลำดับ,รหัสสินค้า,,ออพชั่น,จำนวน,
,1,D-0204-BLACK,,S,1,
,,,,รวมก่อนลด,1,
,,,,ส่วนลด,,
,,,,ยอดสุทธิ,,
,,,,,,
,,,,,,
,,,,,,
,,,,,,
17,,INV20170800092,2017-08-02 17:47:14,,,
,,,,,,
,ลำดับ,รหัสสินค้า,,ออพชั่น,จำนวน,
,1,SK-0248-BLACK,,S,1,
,,,,รวมก่อนลด,1,
,,,,ส่วนลด,,
,,,,ยอดสุทธิ,,
,,,,,,
,,,,,,
,,,,,,
,,,,,,
18,,INV20170800094,2017-08-02 18:28:37,,,
,,,,,,
,ลำดับ,รหัสสินค้า,,ออพชั่น,จำนวน,
,1,D-0246-GREY,,S,1,
,,,,รวมก่อนลด,1,
,,,,ส่วนลด,,
,,,,ยอดสุทธิ,,
,,,,,,
,,,,,,
,,,,,,
,,,,,,
19,,INV20170800097,2017-08-02 19:04:39,,,
,,,,,,
,ลำดับ,รหัสสินค้า,,ออพชั่น,จำนวน,
,1,D-0183-WHITE,,M,1,
,,,,รวมก่อนลด,1,
,,,,ส่วนลด,,
,,,,ยอดสุทธิ,,
,,,,,,
,,,,,,
,,,,,,
,,,,,,
20,,INV20170800101,2017-08-02 19:25:52,,,
,,,,,,
,ลำดับ,รหัสสินค้า,,ออพชั่น,จำนวน,
,1,D-0204-BLACK,,S,1,
,2,SK-0222-BLACK,,S,1,
,,,,รวมก่อนลด,2,
,,,,ส่วนลด,,
,,,,ยอดสุทธิ,,
,,,,,,
,,,,,,
,,,,,,
,,,,,,
21,,INV20170800102,2017-08-02 19:28:39,,,
,,,,,,
,ลำดับ,รหัสสินค้า,,ออพชั่น,จำนวน,
,1,D-0217-WHITE,,S,1,
,,,,รวมก่อนลด,1,
,,,,ส่วนลด,,
,,,,ยอดสุทธิ,,
,,,,,,
,,,,,,
,,,,,,
,,,,,,
22,,INV20170800105,2017-08-02 19:52:59,,,
,,,,,,
,ลำดับ,รหัสสินค้า,,ออพชั่น,จำนวน,
,1,D-0253-GREEN,,M,1,
,,,,รวมก่อนลด,1,
,,,,ส่วนลด,,
,,,,ยอดสุทธิ,,
,,,,,,
,,,,,,
,,,,,,
,,,,,,
23,,INV20170800107,2017-08-02 20:12:26,,,
,,,,,,
,ลำดับ,รหัสสินค้า,,ออพชั่น,จำนวน,
,1,SK-0245-BLACK,,S,1,
,,,,รวมก่อนลด,1,
,,,,ส่วนลด,,
,,,,ยอดสุทธิ,,
,,,,,,
,,,,,,
,,,,,,
,,,,,,
24,,INV20170800123,2017-08-03 12:36:08,,,
,,,,,,
,ลำดับ,รหัสสินค้า,,ออพชั่น,จำนวน,
,1,D-0257-DARK BLUE,,M,1,
,2,T-0193-BLACK,,S,1,
,,,,รวมก่อนลด,2,
,,,,ส่วนลด,,
,,,,ยอดสุทธิ,,
,,,,,,
,,,,,,
,,,,,,
,,,,,,
25,,INV20170800133,2017-08-03 15:52:33,,,
,,,,,,
,ลำดับ,รหัสสินค้า,,ออพชั่น,จำนวน,
,1,D-0253-GREY,,M,-1,
,2,SK-0206-NAVY,,M,1,
,3,T-0110-WHITE,,---,1,
,,,,รวมก่อนลด,1,
,,,,ส่วนลด,,
,,,,ยอดสุทธิ,,
,,,,,,
,,,,,,
,,,,,,
,,,,,,
26,,INV20170800144,2017-08-03 17:42:42,,,
,,,,,,
,ลำดับ,รหัสสินค้า,,ออพชั่น,จำนวน,
,1,T-0110-WHITE,,---,1,
,,,,รวมก่อนลด,1,
,,,,ส่วนลด,,
,,,,ยอดสุทธิ,,
,,,,,,
,,,,,,
,,,,,,
,,,,,,
27,,INV20170800145,2017-08-03 18:16:05,,,
,,,,,,
,ลำดับ,รหัสสินค้า,,ออพชั่น,จำนวน,
,1,D-0242-PINK,,M,1,
,,,,รวมก่อนลด,1,
,,,,ส่วนลด,,
,,,,ยอดสุทธิ,,
,,,,,,
,,,,,,
,,,,,,
,,,,,,
28,,INV20170800154,2017-08-03 19:40:37,,,
,,,,,,
,ลำดับ,รหัสสินค้า,,ออพชั่น,จำนวน,
,1,SK-0259-NAVY,,M,1,
,2,T-0260-NAVY,,---,1,
,,,,รวมก่อนลด,2,
,,,,ส่วนลด,,
,,,,ยอดสุทธิ,,
,,,,,,
,,,,,,
,,,,,,
,,,,,,
29,,INV20170800157,2017-08-03 20:20:49,,,
,,,,,,
,ลำดับ,รหัสสินค้า,,ออพชั่น,จำนวน,
,1,D-0246-GREY,,S,1,
,2,D-0257-BLACK,,S,1,
,3,T-0221-BLACK,,---,1,
,,,,รวมก่อนลด,3,
,,,,ส่วนลด,,
,,,,ยอดสุทธิ,,
,,,,,,
,,,,,,
,,,,,,
,,,,,,
30,,INV20170800159,2017-08-03 20:29:31,,,
,,,,,,
,ลำดับ,รหัสสินค้า,,ออพชั่น,จำนวน,
,1,SK-0203-BLACK,,L,1,
,,,,รวมก่อนลด,1,
,,,,ส่วนลด,,
,,,,ยอดสุทธิ,,
,,,,,,
,,,,,,
,,,,,,
,,,,,,
31,,INV20170800161,2017-08-03 20:49:39,,,
,,,,,,
,ลำดับ,รหัสสินค้า,,ออพชั่น,จำนวน,
,1,SK-0259-NAVY,,M,1,
,2,T-0221-BLUE GREY,,---,1,
,,,,รวมก่อนลด,2,
,,,,ส่วนลด,,
,,,,ยอดสุทธิ,,
,,,,,,
,,,,,,
,,,,,,
,,,,,,
32,,INV20170800162,2017-08-03 21:03:29,,,
,,,,,,
,ลำดับ,รหัสสินค้า,,ออพชั่น,จำนวน,
,1,T-0260-NAVY,,---,1,
,,,,รวมก่อนลด,1,
,,,,ส่วนลด,,
,,,,ยอดสุทธิ,,
,,,,,,
,,,,,,
,,,,,,
,,,,,,
33,,INV20170800165,2017-08-03 21:21:59,,,
,,,,,,
,ลำดับ,รหัสสินค้า,,ออพชั่น,จำนวน,
,1,P-0210-GREY,,M,1,
,2,SK-0206-NAVY,,M,1,
,3,SK-0245-WHITE,,L,1,
,,,,รวมก่อนลด,3,
,,,,ส่วนลด,,
,,,,ยอดสุทธิ,,
,,,,,,
,,,,,,
,,,,,,
,,,,,,
34,,INV20170800185,2017-08-04 14:53:58,,,
,,,,,,
,ลำดับ,รหัสสินค้า,,ออพชั่น,จำนวน,
,1,SK-0259-NAVY,,M,1,
,,,,รวมก่อนลด,1,
,,,,ส่วนลด,,
,,,,ยอดสุทธิ,,
,,,,,,
,,,,,,
,,,,,,
,,,,,,
35,,INV20170800190,2017-08-04 16:51:34,,,
,,,,,,
,ลำดับ,รหัสสินค้า,,ออพชั่น,จำนวน,
,1,D-0204-BLUE GREY,,S,1,
,,,,รวมก่อนลด,1,
,,,,ส่วนลด,,
,,,,ยอดสุทธิ,,
,,,,,,
,,,,,,
,,,,,,
,,,,,,
36,,INV20170800194,2017-08-04 17:53:40,,,
,,,,,,
,ลำดับ,รหัสสินค้า,,ออพชั่น,จำนวน,
,1,SH-0229-BLUE GREY,,M,1,
,2,T-0260-BLUE GREY,,---,1,
,,,,รวมก่อนลด,2,
,,,,ส่วนลด,,
,,,,ยอดสุทธิ,,
,,,,,,
,,,,,,
,,,,,,
,,,,,,
37,,INV20170800195,2017-08-04 18:06:08,,,
,,,,,,
,ลำดับ,รหัสสินค้า,,ออพชั่น,จำนวน,
,1,D-0246-GREY,,S,1,
,,,,รวมก่อนลด,1,
,,,,ส่วนลด,,
,,,,ยอดสุทธิ,,
,,,,,,
,,,,,,
,,,,,,
,,,,,,
38,,INV20170800198,2017-08-04 19:04:05,,,
,,,,,,
,ลำดับ,รหัสสินค้า,,ออพชั่น,จำนวน,
,1,PRE-D-0257-BLACK,,S,1,
,,,,รวมก่อนลด,1,
,,,,ส่วนลด,,
,,,,ยอดสุทธิ,,
,,,,,,
,,,,,,
,,,,,,
,,,,,,
39,,INV20170800201,2017-08-04 19:22:51,,,
,,,,,,
,ลำดับ,รหัสสินค้า,,ออพชั่น,จำนวน,
,1,SK-0203-BURGUNDY,,M,1,
,2,SK-0203-NAVY,,M,1,
,3,T-0249-WHITE,,---,1,
,,,,รวมก่อนลด,3,
,,,,ส่วนลด,,
,,,,ยอดสุทธิ,,
,,,,,,
,,,,,,
,,,,,,
,,,,,,
40,,INV20170800205,2017-08-04 20:07:45,,,
,,,,,,
,ลำดับ,รหัสสินค้า,,ออพชั่น,จำนวน,
,1,SK-0206-WHITE,,M,1,
,2,SK-0222-BLACK,,M,1,
,3,SK-0259-BLUE GREY,,M,1,
,,,,รวมก่อนลด,3,
,,,,ส่วนลด,,
,,,,ยอดสุทธิ,,
,,,,,,
,,,,,,
,,,,,,
,,,,,,
41,,INV20170800226,2017-08-05 11:49:34,,,
,,,,,,
,ลำดับ,รหัสสินค้า,,ออพชั่น,จำนวน,
,1,SH-0229-NAVY,,S,1,
,2,T-0124-BURGUNDY,,---,1,
,,,,รวมก่อนลด,2,
,,,,ส่วนลด,,
,,,,ยอดสุทธิ,,
,,,,,,
,,,,,,
,,,,,,
,,,,,,
42,,INV20170800231,2017-08-05 12:46:12,,,
,,,,,,
,ลำดับ,รหัสสินค้า,,ออพชั่น,จำนวน,
,1,SK-0248-BLACK,,S,1,
,,,,รวมก่อนลด,1,
,,,,ส่วนลด,,
,,,,ยอดสุทธิ,,
,,,,,,
,,,,,,
,,,,,,
,,,,,,
43,,INV20170800232,2017-08-05 12:55:33,,,
,,,,,,
,ลำดับ,รหัสสินค้า,,ออพชั่น,จำนวน,
,1,T-0234-BLACK,,---,1,
,,,,รวมก่อนลด,1,
,,,,ส่วนลด,,
,,,,ยอดสุทธิ,,
,,,,,,
,,,,,,
,,,,,,
,,,,,,
44,,INV20170800240,2017-08-05 14:10:17,,,
,,,,,,
,ลำดับ,รหัสสินค้า,,ออพชั่น,จำนวน,
,1,D-0216-WHITE,,S,1,
,,,,รวมก่อนลด,1,
,,,,ส่วนลด,,
,,,,ยอดสุทธิ,,
,,,,,,
,,,,,,
,,,,,,
,,,,,,
45,,INV20170800244,2017-08-05 14:37:37,,,
,,,,,,
,ลำดับ,รหัสสินค้า,,ออพชั่น,จำนวน,
,1,SK-0222-BLUE GREY,,S,1,
,2,SK-0251-PINK,,S,1,
,,,,รวมก่อนลด,2,
,,,,ส่วนลด,,
,,,,ยอดสุทธิ,,
,,,,,,
,,,,,,
,,,,,,
,,,,,,
46,,INV20170800248,2017-08-05 15:39:23,,,
,,,,,,
,ลำดับ,รหัสสินค้า,,ออพชั่น,จำนวน,
,1,D-0246-BLACK,,M,1,
,,,,รวมก่อนลด,1,
,,,,ส่วนลด,,
,,,,ยอดสุทธิ,,
,,,,,,
,,,,,,
,,,,,,
,,,,,,
47,,INV20170800249,2017-08-05 15:42:15,,,
,,,,,,
,ลำดับ,รหัสสินค้า,,ออพชั่น,จำนวน,
,1,SH-0229-NAVY,,M,1,
,,,,รวมก่อนลด,1,
,,,,ส่วนลด,,
,,,,ยอดสุทธิ,,
,,,,,,
,,,,,,
,,,,,,
,,,,,,
48,,INV20170800250,2017-08-05 15:46:41,,,
,,,,,,
,ลำดับ,รหัสสินค้า,,ออพชั่น,จำนวน,
,1,SH-0229-BLACK,,M,1,
,,,,รวมก่อนลด,1,
,,,,ส่วนลด,,
,,,,ยอดสุทธิ,,
,,,,,,
,,,,,,
,,,,,,
,,,,,,
49,,INV20170800259,2017-08-05 17:21:04,,,
,,,,,,
,ลำดับ,รหัสสินค้า,,ออพชั่น,จำนวน,
,1,D-0223-BLACK,,M,1,
,,,,รวมก่อนลด,1,
,,,,ส่วนลด,,
,,,,ยอดสุทธิ,,
,,,,,,
,,,,,,
,,,,,,
,,,,,,
50,,INV20170800262,2017-08-05 17:41:57,,,
,,,,,,
,ลำดับ,รหัสสินค้า,,ออพชั่น,จำนวน,
,1,A002-BEIGE,,39,1,
,2,SH-0132-GREY,,S,1,
,,,,รวมก่อนลด,2,
,,,,ส่วนลด,,
,,,,ยอดสุทธิ,,
,,,,,,
,,,,,,
,,,,,,
,,,,,,
51,,INV20170800265,2017-08-05 17:58:34,,,
,,,,,,
,ลำดับ,รหัสสินค้า,,ออพชั่น,จำนวน,
,1,T-0124-BURGUNDY,,---,1,
,,,,รวมก่อนลด,1,
,,,,ส่วนลด,,
,,,,ยอดสุทธิ,,
,,,,,,
,,,,,,
,,,,,,
,,,,,,
52,,INV20170800272,2017-08-05 19:11:31,,,
,,,,,,
,ลำดับ,รหัสสินค้า,,ออพชั่น,จำนวน,
,1,D-0183-BLACK,,S,1,
,2,PRE-D-0257-BLACK,,S,1,
,,,,รวมก่อนลด,2,
,,,,ส่วนลด,,
,,,,ยอดสุทธิ,,
,,,,,,
,,,,,,
,,,,,,
,,,,,,
53,,INV20170800274,2017-08-05 19:12:25,,,
,,,,,,
,ลำดับ,รหัสสินค้า,,ออพชั่น,จำนวน,
,1,D-0183-BLACK,,S,1,
,,,,รวมก่อนลด,1,
,,,,ส่วนลด,,
,,,,ยอดสุทธิ,,
,,,,,,
,,,,,,
,,,,,,
,,,,,,
54,,INV20170800275,2017-08-05 19:13:12,0909458077,,
,,,,,,
,ลำดับ,รหัสสินค้า,,ออพชั่น,จำนวน,
,1,PRE-D-0257-BLACK,,S,1,
,,,,รวมก่อนลด,1,
,,,,ส่วนลด,,
,,,,ยอดสุทธิ,,
,,,,,,
,,,,,,
,,,,,,
,,,,,,
55,,INV20170800276,2017-08-05 19:14:36,,,
,,,,,,
,ลำดับ,รหัสสินค้า,,ออพชั่น,จำนวน,
,1,D-0183-BLACK,,S,-1,
,2,PRE-D-0257-BLACK,,S,-1,
,,,,รวมก่อนลด,-2,
,,,,ส่วนลด,,
,,,,ยอดสุทธิ,,
,,,,,,
,,,,,,
,,,,,,
,,,,,,
56,,INV20170800277,2017-08-05 19:16:09,,,
,,,,,,
,ลำดับ,รหัสสินค้า,,ออพชั่น,จำนวน,
,1,D-0183-BLACK,,S,-1,
,,,,รวมก่อนลด,-1,
,,,,ส่วนลด,,
,,,,ยอดสุทธิ,,
,,,,,,
,,,,,,
,,,,,,
,,,,,,
57,,INV20170800278,2017-08-05 19:16:39,,,
,,,,,,
,ลำดับ,รหัสสินค้า,,ออพชั่น,จำนวน,
,1,D-0183-BLACK,,S,1,
,,,,รวมก่อนลด,1,
,,,,ส่วนลด,,
,,,,ยอดสุทธิ,,
,,,,,,
,,,,,,
,,,,,,
,,,,,,
58,,INV20170800280,2017-08-05 19:24:27,,,
,,,,,,
,ลำดับ,รหัสสินค้า,,ออพชั่น,จำนวน,
,1,D-0209-WHITE,,S,1,
,2,D-0247-WHITE,,S,1,
,,,,รวมก่อนลด,2,
,,,,ส่วนลด,,
,,,,ยอดสุทธิ,,
,,,,,,
,,,,,,
,,,,,,
,,,,,,
59,,INV20170800282,2017-08-05 19:32:37,,,
,,,,,,
,ลำดับ,รหัสสินค้า,,ออพชั่น,จำนวน,
,1,D-0223-BLACK,,M,1,
,2,T-0110-BLACK,,---,1,
,,,,รวมก่อนลด,2,
,,,,ส่วนลด,,
,,,,ยอดสุทธิ,,
,,,,,,
,,,,,,
,,,,,,
,,,,,,
60,,INV20170800285,2017-08-05 19:52:39,,,
,,,,,,
,ลำดับ,รหัสสินค้า,,ออพชั่น,จำนวน,
,1,T-0124-BURGUNDY,,---,1,
,,,,รวมก่อนลด,1,
,,,,ส่วนลด,,
,,,,ยอดสุทธิ,,
,,,,,,
,,,,,,
,,,,,,
,,,,,,
61,,INV20170800287,2017-08-05 20:15:41,,,
,,,,,,
,ลำดับ,รหัสสินค้า,,ออพชั่น,จำนวน,
,1,D-0213-NAVY,,M,1,
,2,SK-0251-PINK,,S,1,
,,,,รวมก่อนลด,2,
,,,,ส่วนลด,,
,,,,ยอดสุทธิ,,
,,,,,,
,,,,,,
,,,,,,
,,,,,,
62,,INV20170800304,2017-08-06 13:21:56,,,
,,,,,,
,ลำดับ,รหัสสินค้า,,ออพชั่น,จำนวน,
,1,D-0213-NAVY,,M,1,
,2,D-0231-BLACK,,M,1,
,,,,รวมก่อนลด,2,
,,,,ส่วนลด,,
,,,,ยอดสุทธิ,,
,,,,,,
,,,,,,
,,,,,,
,,,,,,
63,,INV20170800308,2017-08-06 13:56:12,,,
,,,,,,
,ลำดับ,รหัสสินค้า,,ออพชั่น,จำนวน,
,1,SK-0203-BLUE GREY,,S,1,
,2,SK-0222-BLACK,,S,1,
,3,SK-0248-NUDE PINK,,S,1,
,,,,รวมก่อนลด,3,
,,,,ส่วนลด,,
,,,,ยอดสุทธิ,,
,,,,,,
,,,,,,
,,,,,,
,,,,,,
64,,INV20170800310,2017-08-06 14:11:59,,,
,,,,,,
,ลำดับ,รหัสสินค้า,,ออพชั่น,จำนวน,
,1,D-0253-GREY,,M,1,
,,,,รวมก่อนลด,1,
,,,,ส่วนลด,,
,,,,ยอดสุทธิ,,
,,,,,,
,,,,,,
,,,,,,
,,,,,,
65,,INV20170800315,2017-08-06 14:46:45,,,
,,,,,,
,ลำดับ,รหัสสินค้า,,ออพชั่น,จำนวน,
,1,D-0242-PINK,,M,1,
,2,SK-0207-BLUE GREY,,M,1,
,,,,รวมก่อนลด,2,
,,,,ส่วนลด,,
,,,,ยอดสุทธิ,,
,,,,,,
,,,,,,
,,,,,,
,,,,,,
66,,INV20170800317,2017-08-06 14:50:30,,,
,,,,,,
,ลำดับ,รหัสสินค้า,,ออพชั่น,จำนวน,
,1,SK-0222-BLUE GREY,,M,1,
,2,SK-0259-NAVY,,M,1,
,,,,รวมก่อนลด,2,
,,,,ส่วนลด,,
,,,,ยอดสุทธิ,,
,,,,,,
,,,,,,
,,,,,,
,,,,,,
67,,INV20170800324,2017-08-06 15:38:24,,,
,,,,,,
,ลำดับ,รหัสสินค้า,,ออพชั่น,จำนวน,
,1,T-0243-WHITE,,---,1,
,,,,รวมก่อนลด,1,
,,,,ส่วนลด,,
,,,,ยอดสุทธิ,,
,,,,,,
,,,,,,
,,,,,,
,,,,,,
68,,INV20170800326,2017-08-06 16:30:36,,,
,,,,,,
,ลำดับ,รหัสสินค้า,,ออพชั่น,จำนวน,
,1,D-0204-BLUE GREY,,S,1,
,,,,รวมก่อนลด,1,
,,,,ส่วนลด,,
,,,,ยอดสุทธิ,,
,,,,,,
,,,,,,
,,,,,,
,,,,,,
69,,INV20170800336,2017-08-06 17:46:15,,,
,,,,,,
,ลำดับ,รหัสสินค้า,,ออพชั่น,จำนวน,
,1,T-0124-BURGUNDY,,---,1,
,,,,รวมก่อนลด,1,
,,,,ส่วนลด,,
,,,,ยอดสุทธิ,,
,,,,,,
,,,,,,
,,,,,,
,,,,,,
70,,INV20170800349,2017-08-06 19:28:55,,,
,,,,,,
,ลำดับ,รหัสสินค้า,,ออพชั่น,จำนวน,
,1,SH-0229-BLACK,,M,1,
,2,T-0197-BLUE,,---,1,
,,,,รวมก่อนลด,2,
,,,,ส่วนลด,,
,,,,ยอดสุทธิ,,
,,,,,,
,,,,,,
,,,,,,
,,,,,,
71,,INV20170800351,2017-08-06 19:31:59,,,
,,,,,,
,ลำดับ,รหัสสินค้า,,ออพชั่น,จำนวน,
,1,D-0204-BLUE GREY,,S,1,
,,,,รวมก่อนลด,1,
,,,,ส่วนลด,,
,,,,ยอดสุทธิ,,
,,,,,,
,,,,,,
,,,,,,
,,,,,,
72,,INV20170800370,2017-08-07 14:44:01,,,
,,,,,,
,ลำดับ,รหัสสินค้า,,ออพชั่น,จำนวน,
,1,SK-0206-WHITE,,S,1,
,,,,รวมก่อนลด,1,
,,,,ส่วนลด,,
,,,,ยอดสุทธิ,,
,,,,,,
,,,,,,
,,,,,,
,,,,,,
73,,INV20170800371,2017-08-07 14:51:22,,,
,,,,,,
,ลำดับ,รหัสสินค้า,,ออพชั่น,จำนวน,
,1,SK-0206-WHITE,,S,1,
,,,,รวมก่อนลด,1,
,,,,ส่วนลด,,
,,,,ยอดสุทธิ,,
,,,,,,
,,,,,,
,,,,,,
,,,,,,
74,,INV20170800376,2017-08-07 15:53:51,,,
,,,,,,
,ลำดับ,รหัสสินค้า,,ออพชั่น,จำนวน,
,1,T-0226-GREY,,S,1,
,,,,รวมก่อนลด,1,
,,,,ส่วนลด,,
,,,,ยอดสุทธิ,,
,,,,,,
,,,,,,
,,,,,,
,,,,,,
75,,INV20170800391,2017-08-07 19:14:41,,,
,,,,,,
,ลำดับ,รหัสสินค้า,,ออพชั่น,จำนวน,
,1,D-0223-BLACK,,M,1,
,,,,รวมก่อนลด,1,
,,,,ส่วนลด,,
,,,,ยอดสุทธิ,,
,,,,,,
,,,,,,
,,,,,,
,,,,,,
76,,INV20170800397,2017-08-07 20:22:22,,,
,,,,,,
,ลำดับ,รหัสสินค้า,,ออพชั่น,จำนวน,
,1,SK-0222-BLACK,,S,1,
,,,,รวมก่อนลด,1,
,,,,ส่วนลด,,
,,,,ยอดสุทธิ,,
,,,,,,
,,,,,,
,,,,,,
,,,,,,
77,,INV20170800420,2017-08-08 13:06:07,,,
,,,,,,
,ลำดับ,รหัสสินค้า,,ออพชั่น,จำนวน,
,1,SK-0240-GREY,,S,1,
,,,,รวมก่อนลด,1,
,,,,ส่วนลด,,
,,,,ยอดสุทธิ,,
,,,,,,
,,,,,,
,,,,,,
,,,,,,
78,,INV20170800424,2017-08-08 14:45:31,,,
,,,,,,
,ลำดับ,รหัสสินค้า,,ออพชั่น,จำนวน,
,1,SK-0203-BLUE GREY,,M,1,
,,,,รวมก่อนลด,1,
,,,,ส่วนลด,,
,,,,ยอดสุทธิ,,
,,,,,,
,,,,,,
,,,,,,
,,,,,,
79,,INV20170800426,2017-08-08 16:10:28,,,
,,,,,,
,ลำดับ,รหัสสินค้า,,ออพชั่น,จำนวน,
,1,T-0124-BLACK,,---,1,
,2,T-0124-BURGUNDY,,---,1,
,,,,รวมก่อนลด,2,
,,,,ส่วนลด,,
,,,,ยอดสุทธิ,,
,,,,,,
,,,,,,
,,,,,,
,,,,,,
80,,INV20170800428,2017-08-08 16:26:51,,,
,,,,,,
,ลำดับ,รหัสสินค้า,,ออพชั่น,จำนวน,
,1,SK-0259-NAVY,,M,1,
,2,T-0228-NAVY,,S,1,
,3,T-0260-NAVY,,---,1,
,,,,รวมก่อนลด,3,
,,,,ส่วนลด,,
,,,,ยอดสุทธิ,,
,,,,,,
,,,,,,
,,,,,,
,,,,,,
81,,INV20170800433,2017-08-08 18:20:55,,,
,,,,,,
,ลำดับ,รหัสสินค้า,,ออพชั่น,จำนวน,
,1,D-0216-BLACK,,S,1,
,2,D-0223-BLACK,,S,1,
,,,,รวมก่อนลด,2,
,,,,ส่วนลด,,
,,,,ยอดสุทธิ,,
,,,,,,
,,,,,,
,,,,,,
,,,,,,
82,,INV20170800435,2017-08-08 18:28:29,,,
,,,,,,
,ลำดับ,รหัสสินค้า,,ออพชั่น,จำนวน,
,1,D-0204-BLACK,,M,1,
,,,,รวมก่อนลด,1,
,,,,ส่วนลด,,
,,,,ยอดสุทธิ,,
,,,,,,
,,,,,,
,,,,,,
,,,,,,
83,,INV20170800437,2017-08-08 19:09:05,,,
,,,,,,
,ลำดับ,รหัสสินค้า,,ออพชั่น,จำนวน,
,1,D-0183-NUDE PINK,,S,1,
,,,,รวมก่อนลด,1,
,,,,ส่วนลด,,
,,,,ยอดสุทธิ,,
,,,,,,
,,,,,,
,,,,,,
,,,,,,
84,,INV20170800439,2017-08-08 19:40:48,,,
,,,,,,
,ลำดับ,รหัสสินค้า,,ออพชั่น,จำนวน,
,1,D-0253-BLACK,,S,1,
,,,,รวมก่อนลด,1,
,,,,ส่วนลด,,
,,,,ยอดสุทธิ,,
,,,,,,
,,,,,,
,,,,,,
,,,,,,
85,,INV20170800442,2017-08-08 20:12:05,,,
,,,,,,
,ลำดับ,รหัสสินค้า,,ออพชั่น,จำนวน,
,1,D-0246-BLACK,,S,1,
,,,,รวมก่อนลด,1,
,,,,ส่วนลด,,
,,,,ยอดสุทธิ,,
,,,,,,
,,,,,,
,,,,,,
,,,,,,
86,,INV20170800443,2017-08-08 20:40:48,,,
,,,,,,
,ลำดับ,รหัสสินค้า,,ออพชั่น,จำนวน,
,1,D-0241-NUDE PINK,,S,1,
,,,,รวมก่อนลด,1,
,,,,ส่วนลด,,
,,,,ยอดสุทธิ,,
,,,,,,
,,,,,,
,,,,,,
,,,,,,
87,,INV20170800446,2017-08-08 21:14:50,,,
,,,,,,
,ลำดับ,รหัสสินค้า,,ออพชั่น,จำนวน,
,1,T-LK-005-BLACK,,S,1,
,2,T-LK-005-GREY,,S,1,
,,,,รวมก่อนลด,2,
,,,,ส่วนลด,,
,,,,ยอดสุทธิ,,
,,,,,,
,,,,,,
,,,,,,
,,,,,,
88,,INV20170800448,2017-08-08 21:25:50,,,
,,,,,,
,ลำดับ,รหัสสินค้า,,ออพชั่น,จำนวน,
,1,D-0230-BLACK,,M,1,
,2,T-0201-BLACK,,---,1,
,,,,รวมก่อนลด,2,
,,,,ส่วนลด,,
,,,,ยอดสุทธิ,,
,,,,,,
,,,,,,
,,,,,,
,,,,,,
89,,INV20170800479,2017-08-09 17:29:00,,,
,,,,,,
,ลำดับ,รหัสสินค้า,,ออพชั่น,จำนวน,
,1,SK-0259-NAVY,,S,1,
,2,T-0260-NAVY,,---,1,
,,,,รวมก่อนลด,2,
,,,,ส่วนลด,,
,,,,ยอดสุทธิ,,
,,,,,,
,,,,,,
,,,,,,
,,,,,,
90,,INV20170800480,2017-08-09 17:38:16,,,
,,,,,,
,ลำดับ,รหัสสินค้า,,ออพชั่น,จำนวน,
,1,D-0195-BLUE,,M,1,
,,,,รวมก่อนลด,1,
,,,,ส่วนลด,,
,,,,ยอดสุทธิ,,
,,,,,,
,,,,,,
,,,,,,
,,,,,,
91,,INV20170800482,2017-08-09 17:59:20,,,
,,,,,,
,ลำดับ,รหัสสินค้า,,ออพชั่น,จำนวน,
,1,D-0244-BLACK,,S,1,
,2,JS-0236-GREEN,,S,1,
,,,,รวมก่อนลด,2,
,,,,ส่วนลด,,
,,,,ยอดสุทธิ,,
,,,,,,
,,,,,,
,,,,,,
,,,,,,
92,,INV20170800483,2017-08-09 18:03:34,,,
,,,,,,
,ลำดับ,รหัสสินค้า,,ออพชั่น,จำนวน,
,1,SK-0203-NAVY,,S,1,
,2,SK-0251-BLACK,,S,1,
,,,,รวมก่อนลด,2,
,,,,ส่วนลด,,
,,,,ยอดสุทธิ,,
,,,,,,
,,,,,,
,,,,,,
,,,,,,
93,,INV20170800484,2017-08-09 18:13:10,,,
,,,,,,
,ลำดับ,รหัสสินค้า,,ออพชั่น,จำนวน,
,1,D-0183-NUDE PINK,,M,1,
,,,,รวมก่อนลด,1,
,,,,ส่วนลด,,
,,,,ยอดสุทธิ,,
,,,,,,
,,,,,,
,,,,,,
,,,,,,
94,,INV20170800485,2017-08-09 18:22:43,,,
,,,,,,
,ลำดับ,รหัสสินค้า,,ออพชั่น,จำนวน,
,1,D-0242-WHITE,,S,1,
,,,,รวมก่อนลด,1,
,,,,ส่วนลด,,
,,,,ยอดสุทธิ,,
,,,,,,
,,,,,,
,,,,,,
,,,,,,
95,,INV20170800491,2017-08-09 19:00:48,,,
,,,,,,
,ลำดับ,รหัสสินค้า,,ออพชั่น,จำนวน,
,1,T-0124-BURGUNDY,,---,1,
,,,,รวมก่อนลด,1,
,,,,ส่วนลด,,
,,,,ยอดสุทธิ,,
,,,,,,
,,,,,,
,,,,,,
,,,,,,
96,,INV20170800493,2017-08-09 19:19:00,,,
,,,,,,
,ลำดับ,รหัสสินค้า,,ออพชั่น,จำนวน,
,1,SK-0203-NAVY,,L,1,
,2,SK-0206-WHITE,,M,1,
,,,,รวมก่อนลด,2,
,,,,ส่วนลด,,
,,,,ยอดสุทธิ,,
,,,,,,
,,,,,,
,,,,,,
,,,,,,
97,,INV20170800529,2017-08-10 18:05:45,,,
,,,,,,
,ลำดับ,รหัสสินค้า,,ออพชั่น,จำนวน,
,1,SK-0222-BLACK,,S,1,
,,,,รวมก่อนลด,1,
,,,,ส่วนลด,,
,,,,ยอดสุทธิ,,
,,,,,,
,,,,,,
,,,,,,
,,,,,,
98,,INV20170800532,2017-08-10 18:37:24,,,
,,,,,,
,ลำดับ,รหัสสินค้า,,ออพชั่น,จำนวน,
,1,SK-0203-BURGUNDY,,M,1,
,,,,รวมก่อนลด,1,
,,,,ส่วนลด,,
,,,,ยอดสุทธิ,,
,,,,,,
,,,,,,
,,,,,,
,,,,,,
99,,INV20170800533,2017-08-10 18:41:30,,,
,,,,,,
,ลำดับ,รหัสสินค้า,,ออพชั่น,จำนวน,
,1,SK-0259-NAVY,,L,1,
,,,,รวมก่อนลด,1,
,,,,ส่วนลด,,
,,,,ยอดสุทธิ,,
,,,,,,
,,,,,,
,,,,,,
,,,,,,
100,,INV20170800535,2017-08-10 19:09:30,,,
,,,,,,
,ลำดับ,รหัสสินค้า,,ออพชั่น,จำนวน,
,1,T-0249-WHITE,,---,1,
,,,,รวมก่อนลด,1,
,,,,ส่วนลด,,
,,,,ยอดสุทธิ,,
,,,,,,
,,,,,,
,,,,,,
,,,,,,
101,,INV20170800536,2017-08-10 19:16:38,,,
,,,,,,
,ลำดับ,รหัสสินค้า,,ออพชั่น,จำนวน,
,1,T-0249-BLACK,,---,1,
,,,,รวมก่อนลด,1,
,,,,ส่วนลด,,
,,,,ยอดสุทธิ,,
,,,,,,
,,,,,,
,,,,,,
,,,,,,
102,,INV20170800541,2017-08-10 19:24:34,,,
,,,,,,
,ลำดับ,รหัสสินค้า,,ออพชั่น,จำนวน,
,1,SK-0206-NAVY,,S,1,
,,,,รวมก่อนลด,1,
,,,,ส่วนลด,,
,,,,ยอดสุทธิ,,
,,,,,,
,,,,,,
,,,,,,
,,,,,,
103,,INV20170800547,2017-08-10 20:24:26,,,
,,,,,,
,ลำดับ,รหัสสินค้า,,ออพชั่น,จำนวน,
,1,T-0200-BLACK,,---,1,
,2,T-0226-WHITE,,M,1,
,,,,รวมก่อนลด,2,
,,,,ส่วนลด,,
,,,,ยอดสุทธิ,,
,,,,,,
,,,,,,
,,,,,,
,,,,,,
104,,INV20170800549,2017-08-10 21:05:26,,,
,,,,,,
,ลำดับ,รหัสสินค้า,,ออพชั่น,จำนวน,
,1,JS-0236-BLACK,,M,1,
,,,,รวมก่อนลด,1,
,,,,ส่วนลด,,
,,,,ยอดสุทธิ,,
,,,,,,
,,,,,,
,,,,,,
,,,,,,
105,,INV20170800568,2017-08-11 13:45:16,,,
,,,,,,
,ลำดับ,รหัสสินค้า,,ออพชั่น,จำนวน,
,1,T-0110-BLACK,,---,1,
,,,,รวมก่อนลด,1,
,,,,ส่วนลด,,
,,,,ยอดสุทธิ,,
,,,,,,
,,,,,,
,,,,,,
,,,,,,
106,,INV20170800575,2017-08-11 14:45:16,,,
,,,,,,
,ลำดับ,รหัสสินค้า,,ออพชั่น,จำนวน,
,1,D-0246-GREY,,M,1,
,2,D-0257-DARK BLUE,,M,1,
,,,,รวมก่อนลด,2,
,,,,ส่วนลด,,
,,,,ยอดสุทธิ,,
,,,,,,
,,,,,,
,,,,,,
,,,,,,
107,,INV20170800579,2017-08-11 15:12:12,,,
,,,,,,
,ลำดับ,รหัสสินค้า,,ออพชั่น,จำนวน,
,1,SK-0255-BEIGE,,S,1,
,2,SK-0255-BURGUNDY,,S,1,
,3,T-0263-BLACK,,S,1,
,4,T-0263-WHITE,,S,1,
,,,,รวมก่อนลด,4,
,,,,ส่วนลด,,
,,,,ยอดสุทธิ,,
,,,,,,
,,,,,,
,,,,,,
,,,,,,
108,,INV20170800584,2017-08-11 15:59:56,,,
,,,,,,
,ลำดับ,รหัสสินค้า,,ออพชั่น,จำนวน,
,1,SK-0259-NAVY,,M,1,
,2,T-0260-NAVY,,---,1,
,,,,รวมก่อนลด,2,
,,,,ส่วนลด,,
,,,,ยอดสุทธิ,,
,,,,,,
,,,,,,
,,,,,,
,,,,,,
109,,INV20170800585,2017-08-11 16:01:37,,,
,,,,,,
,ลำดับ,รหัสสินค้า,,ออพชั่น,จำนวน,
,1,D-0216-NUDE PINK,,M,1,
,,,,รวมก่อนลด,1,
,,,,ส่วนลด,,
,,,,ยอดสุทธิ,,
,,,,,,
,,,,,,
,,,,,,
,,,,,,
110,,INV20170800588,2017-08-11 16:25:12,,,
,,,,,,
,ลำดับ,รหัสสินค้า,,ออพชั่น,จำนวน,
,1,T-0215-WHITE,,---,1,
,,,,รวมก่อนลด,1,
,,,,ส่วนลด,,
,,,,ยอดสุทธิ,,
,,,,,,
,,,,,,
,,,,,,
,,,,,,
111,,INV20170800589,2017-08-11 16:26:22,,,
,,,,,,
,ลำดับ,รหัสสินค้า,,ออพชั่น,จำนวน,
,1,D-0223-BLACK,,S,1,
,2,D-0253-GREEN,,S,1,
,,,,รวมก่อนลด,2,
,,,,ส่วนลด,,
,,,,ยอดสุทธิ,,
,,,,,,
,,,,,,
,,,,,,
,,,,,,
112,,INV20170800591,2017-08-11 16:58:58,,,
,,,,,,
,ลำดับ,รหัสสินค้า,,ออพชั่น,จำนวน,
,1,T-0262-NUDE PINK,,---,1,
,,,,รวมก่อนลด,1,
,,,,ส่วนลด,,
,,,,ยอดสุทธิ,,
,,,,,,
,,,,,,
,,,,,,
,,,,,,
113,,INV20170800596,2017-08-11 17:42:25,,,
,,,,,,
,ลำดับ,รหัสสินค้า,,ออพชั่น,จำนวน,
,1,SK-0203-BLACK,,L,1,
,,,,รวมก่อนลด,1,
,,,,ส่วนลด,,
,,,,ยอดสุทธิ,,
,,,,,,
,,,,,,
,,,,,,
,,,,,,
114,,INV20170800597,2017-08-11 17:45:15,,,
,,,,,,
,ลำดับ,รหัสสินค้า,,ออพชั่น,จำนวน,
,1,T-0260-BLUE GREY,,---,-1,
,2,T-0262-BLACK,,---,1,
,3,T-0262-WHITE,,---,1,
,,,,รวมก่อนลด,1,
,,,,ส่วนลด,,
,,,,ยอดสุทธิ,,
,,,,,,
,,,,,,
,,,,,,
,,,,,,
115,,INV20170800600,2017-08-11 18:15:44,,,
,,,,,,
,ลำดับ,รหัสสินค้า,,ออพชั่น,จำนวน,
,1,T-0262-WHITE,,---,1,
,,,,รวมก่อนลด,1,
,,,,ส่วนลด,,
,,,,ยอดสุทธิ,,
,,,,,,
,,,,,,
,,,,,,
,,,,,,
116,,INV20170800602,2017-08-11 18:17:04,,,
,,,,,,
,ลำดับ,รหัสสินค้า,,ออพชั่น,จำนวน,
,1,SK-0255-BEIGE,,S,1,
,2,T-0262-BLACK,,---,1,
,,,,รวมก่อนลด,2,
,,,,ส่วนลด,,
,,,,ยอดสุทธิ,,
,,,,,,
,,,,,,
,,,,,,
,,,,,,
117,,INV20170800605,2017-08-11 18:37:38,,,
,,,,,,
,ลำดับ,รหัสสินค้า,,ออพชั่น,จำนวน,
,1,SK-0248-NUDE PINK,,S,1,
,2,T-0262-NUDE PINK,,---,1,
,,,,รวมก่อนลด,2,
,,,,ส่วนลด,,
,,,,ยอดสุทธิ,,
,,,,,,
,,,,,,
,,,,,,
,,,,,,
118,,INV20170800608,2017-08-11 18:53:14,,,
,,,,,,
,ลำดับ,รหัสสินค้า,,ออพชั่น,จำนวน,
,1,SK-0259-NAVY,,M,1,
,,,,รวมก่อนลด,1,
,,,,ส่วนลด,,
,,,,ยอดสุทธิ,,
,,,,,,
,,,,,,
,,,,,,
,,,,,,
119,,INV20170800613,2017-08-11 19:45:14,,,
,,,,,,
,ลำดับ,รหัสสินค้า,,ออพชั่น,จำนวน,
,1,SH-0229-WHITE,,S,1,
,,,,รวมก่อนลด,1,
,,,,ส่วนลด,,
,,,,ยอดสุทธิ,,
,,,,,,
,,,,,,
,,,,,,
,,,,,,
120,,INV20170800643,2017-08-12 14:05:39,,,
,,,,,,
,ลำดับ,รหัสสินค้า,,ออพชั่น,จำนวน,
,1,SK-0259-NAVY,,L,1,
,,,,รวมก่อนลด,1,
,,,,ส่วนลด,,
,,,,ยอดสุทธิ,,
,,,,,,
,,,,,,
,,,,,,
,,,,,,
121,,INV20170800649,2017-08-12 15:13:54,,,
,,,,,,
,ลำดับ,รหัสสินค้า,,ออพชั่น,จำนวน,
,1,D-0246-NAVY,,S,1,
,,,,รวมก่อนลด,1,
,,,,ส่วนลด,,
,,,,ยอดสุทธิ,,
,,,,,,
,,,,,,
,,,,,,
,,,,,,
122,,INV20170800650,2017-08-12 15:19:30,,,
,,,,,,
,ลำดับ,รหัสสินค้า,,ออพชั่น,จำนวน,
,1,SK-0255-BLACK,,M,1,
,2,T-0262-BLACK,,---,1,
,,,,รวมก่อนลด,2,
,,,,ส่วนลด,,
,,,,ยอดสุทธิ,,
,,,,,,
,,,,,,
,,,,,,
,,,,,,
123,,INV20170800657,2017-08-12 15:46:59,,,
,,,,,,
,ลำดับ,รหัสสินค้า,,ออพชั่น,จำนวน,
,1,SK-0259-NAVY,,L,1,
,2,T-0260-NAVY,,---,1,
,,,,รวมก่อนลด,2,
,,,,ส่วนลด,,
,,,,ยอดสุทธิ,,
,,,,,,
,,,,,,
,,,,,,
,,,,,,
124,,INV20170800658,2017-08-12 15:51:02,,,
,,,,,,
,ลำดับ,รหัสสินค้า,,ออพชั่น,จำนวน,
,1,SK-0206-NAVY,,M,1,
,,,,รวมก่อนลด,1,
,,,,ส่วนลด,,
,,,,ยอดสุทธิ,,
,,,,,,
,,,,,,
,,,,,,
,,,,,,
125,,INV20170800672,2017-08-12 18:05:50,,,
,,,,,,
,ลำดับ,รหัสสินค้า,,ออพชั่น,จำนวน,
,1,D-0246-GREY,,S,1,
,,,,รวมก่อนลด,1,
,,,,ส่วนลด,,
,,,,ยอดสุทธิ,,
,,,,,,
,,,,,,
,,,,,,
,,,,,,
126,,INV20170800678,2017-08-12 19:26:04,,,
,,,,,,
,ลำดับ,รหัสสินค้า,,ออพชั่น,จำนวน,
,1,SK-0255-BLACK,,M,1,
,,,,รวมก่อนลด,1,
,,,,ส่วนลด,,
,,,,ยอดสุทธิ,,
,,,,,,
,,,,,,
,,,,,,
,,,,,,
127,,INV20170800680,2017-08-12 20:24:49,,,
,,,,,,
,ลำดับ,รหัสสินค้า,,ออพชั่น,จำนวน,
,1,T-0124-BLACK,,---,1,
,,,,รวมก่อนลด,1,
,,,,ส่วนลด,,
,,,,ยอดสุทธิ,,
,,,,,,
,,,,,,
,,,,,,
,,,,,,
128,,INV20170800695,2017-08-13 12:13:02,,,
,,,,,,
,ลำดับ,รหัสสินค้า,,ออพชั่น,จำนวน,
,1,D-0244-BLACK,,S,1,
,2,D-0257-BLACK,,S,1,
,,,,รวมก่อนลด,2,
,,,,ส่วนลด,,
,,,,ยอดสุทธิ,,
,,,,,,
,,,,,,
,,,,,,
,,,,,,
129,,INV20170800704,2017-08-13 13:34:14,,,
,,,,,,
,ลำดับ,รหัสสินค้า,,ออพชั่น,จำนวน,
,1,SK-0203-NAVY,,M,1,
,,,,รวมก่อนลด,1,
,,,,ส่วนลด,,
,,,,ยอดสุทธิ,,
,,,,,,
,,,,,,
,,,,,,
,,,,,,
130,,INV20170800706,2017-08-13 13:50:22,,,
,,,,,,
,ลำดับ,รหัสสินค้า,,ออพชั่น,จำนวน,
,1,D-0257-DARK BLUE,,S,1,
,,,,รวมก่อนลด,1,
,,,,ส่วนลด,,
,,,,ยอดสุทธิ,,
,,,,,,
,,,,,,
,,,,,,
,,,,,,
131,,INV20170800708,2017-08-13 13:55:39,,,
,,,,,,
,ลำดับ,รหัสสินค้า,,ออพชั่น,จำนวน,
,1,SK-0259-NAVY,,L,1,
,,,,รวมก่อนลด,1,
,,,,ส่วนลด,,
,,,,ยอดสุทธิ,,
,,,,,,
,,,,,,
,,,,,,
,,,,,,
132,,INV20170800711,2017-08-13 14:40:03,,,
,,,,,,
,ลำดับ,รหัสสินค้า,,ออพชั่น,จำนวน,
,1,D-0223-BLACK,,S,1,
,2,D-0244-BLACK,,M,1,
,3,D-0257-GREY,,S,1,
,,,,รวมก่อนลด,3,
,,,,ส่วนลด,,
,,,,ยอดสุทธิ,,
,,,,,,
,,,,,,
,,,,,,
,,,,,,
133,,INV20170800714,2017-08-13 15:15:35,,,
,,,,,,
,ลำดับ,รหัสสินค้า,,ออพชั่น,จำนวน,
,1,SK-0255-BEIGE,,S,1,
,,,,รวมก่อนลด,1,
,,,,ส่วนลด,,
,,,,ยอดสุทธิ,,
,,,,,,
,,,,,,
,,,,,,
,,,,,,
134,,INV20170800716,2017-08-13 15:38:26,,,
,,,,,,
,ลำดับ,รหัสสินค้า,,ออพชั่น,จำนวน,
,1,JS-0236-BLACK,,M,1,
,,,,รวมก่อนลด,1,
,,,,ส่วนลด,,
,,,,ยอดสุทธิ,,
,,,,,,
,,,,,,
,,,,,,
,,,,,,
135,,INV20170800733,2017-08-13 17:01:12,,,
,,,,,,
,ลำดับ,รหัสสินค้า,,ออพชั่น,จำนวน,
,1,T-0249-BLUE JEAN,,---,1,
,2,T-0249-PINK,,---,1,
,,,,รวมก่อนลด,2,
,,,,ส่วนลด,,
,,,,ยอดสุทธิ,,
,,,,,,
,,,,,,
,,,,,,
,,,,,,
136,,INV20170800747,2017-08-13 18:31:27,,,
,,,,,,
,ลำดับ,รหัสสินค้า,,ออพชั่น,จำนวน,
,1,T-0263-BLACK,,S,1,
,2,T-0263-WHITE,,S,1,
,,,,รวมก่อนลด,2,
,,,,ส่วนลด,,
,,,,ยอดสุทธิ,,
,,,,,,
,,,,,,
,,,,,,
,,,,,,
137,,INV20170800748,2017-08-13 18:42:38,,,
,,,,,,
,ลำดับ,รหัสสินค้า,,ออพชั่น,จำนวน,
,1,SK-0202-BLACK,,L,1,
,,,,รวมก่อนลด,1,
,,,,ส่วนลด,,
,,,,ยอดสุทธิ,,
,,,,,,
,,,,,,
,,,,,,
,,,,,,
138,,INV20170800749,2017-08-13 18:45:23,,,
,,,,,,
,ลำดับ,รหัสสินค้า,,ออพชั่น,จำนวน,
,1,SK-0203-BLACK,,M,1,
,,,,รวมก่อนลด,1,
,,,,ส่วนลด,,
,,,,ยอดสุทธิ,,
,,,,,,
,,,,,,
,,,,,,
,,,,,,
139,,INV20170800751,2017-08-13 19:12:53,,,
,,,,,,
,ลำดับ,รหัสสินค้า,,ออพชั่น,จำนวน,
,1,SK-0228-WHITE,,M,1,
,,,,รวมก่อนลด,1,
,,,,ส่วนลด,,
,,,,ยอดสุทธิ,,
,,,,,,
,,,,,,
,,,,,,
,,,,,,
140,,INV20170800752,2017-08-13 19:18:12,,,
,,,,,,
,ลำดับ,รหัสสินค้า,,ออพชั่น,จำนวน,
,1,SH-0229-BLUE GREY,,M,1,
,,,,รวมก่อนลด,1,
,,,,ส่วนลด,,
,,,,ยอดสุทธิ,,
,,,,,,
,,,,,,
,,,,,,
,,,,,,
141,,INV20170800756,2017-08-13 20:37:21,,,
,,,,,,
,ลำดับ,รหัสสินค้า,,ออพชั่น,จำนวน,
,1,T-0110-BLACK,,---,1,
,,,,รวมก่อนลด,1,
,,,,ส่วนลด,,
,,,,ยอดสุทธิ,,
,,,,,,
,,,,,,
,,,,,,
,,,,,,
142,,INV20170800757,2017-08-13 20:41:51,,,
,,,,,,
,ลำดับ,รหัสสินค้า,,ออพชั่น,จำนวน,
,1,SK-0259-NAVY,,M,1,
,2,T-0260-NAVY,,---,1,
,,,,รวมก่อนลด,2,
,,,,ส่วนลด,,
,,,,ยอดสุทธิ,,
,,,,,,
,,,,,,
,,,,,,
,,,,,,
143,,INV20170800762,2017-08-14 12:22:06,,,
,,,,,,
,ลำดับ,รหัสสินค้า,,ออพชั่น,จำนวน,
,1,SK-0259-NAVY,,M,1,
,,,,รวมก่อนลด,1,
,,,,ส่วนลด,,
,,,,ยอดสุทธิ,,
,,,,,,
,,,,,,
,,,,,,
,,,,,,
144,,INV20170800763,2017-08-14 12:23:33,,,
,,,,,,
,ลำดับ,รหัสสินค้า,,ออพชั่น,จำนวน,
,1,T-0263-WHITE,,S,1,
,,,,รวมก่อนลด,1,
,,,,ส่วนลด,,
,,,,ยอดสุทธิ,,
,,,,,,
,,,,,,
,,,,,,
,,,,,,
145,,INV20170800764,2017-08-14 12:27:03,,,
,,,,,,
,ลำดับ,รหัสสินค้า,,ออพชั่น,จำนวน,
,1,SK-0203-BLACK,,M,1,
,,,,รวมก่อนลด,1,
,,,,ส่วนลด,,
,,,,ยอดสุทธิ,,
,,,,,,
,,,,,,
,,,,,,
,,,,,,
146,,INV20170800775,2017-08-14 14:25:01,,,
,,,,,,
,ลำดับ,รหัสสินค้า,,ออพชั่น,จำนวน,
,1,SK-0255-BLACK,,S,1,
,,,,รวมก่อนลด,1,
,,,,ส่วนลด,,
,,,,ยอดสุทธิ,,
,,,,,,
,,,,,,
,,,,,,
,,,,,,
147,,INV20170800776,2017-08-14 14:28:48,,,
,,,,,,
,ลำดับ,รหัสสินค้า,,ออพชั่น,จำนวน,
,1,SK-0245-BLACK,,S,1,
,2,SK-0255-BLACK,,S,-1,
,,,,รวมก่อนลด,0,
,,,,ส่วนลด,,
,,,,ยอดสุทธิ,,
,,,,,,
,,,,,,
,,,,,,
,,,,,,
148,,INV20170800780,2017-08-14 14:53:07,,,
,,,,,,
,ลำดับ,รหัสสินค้า,,ออพชั่น,จำนวน,
,1,D-0244-BLACK,,S,1,
,2,T-0110-BLACK,,---,1,
,,,,รวมก่อนลด,2,
,,,,ส่วนลด,,
,,,,ยอดสุทธิ,,
,,,,,,
,,,,,,
,,,,,,
,,,,,,
149,,INV20170800783,2017-08-14 15:05:28,,,
,,,,,,
,ลำดับ,รหัสสินค้า,,ออพชั่น,จำนวน,
,1,D-0246-BLACK,,S,1,
,,,,รวมก่อนลด,1,
,,,,ส่วนลด,,
,,,,ยอดสุทธิ,,
,,,,,,
,,,,,,
,,,,,,
,,,,,,
150,,INV20170800786,2017-08-14 15:20:13,,,
,,,,,,
,ลำดับ,รหัสสินค้า,,ออพชั่น,จำนวน,
,1,D-0246-GREY,,S,1,
,2,T-0262-WHITE,,---,1,
,,,,รวมก่อนลด,2,
,,,,ส่วนลด,,
,,,,ยอดสุทธิ,,
,,,,,,
,,,,,,
,,,,,,
,,,,,,
151,,INV20170800789,2017-08-14 15:44:31,,,
,,,,,,
,ลำดับ,รหัสสินค้า,,ออพชั่น,จำนวน,
,1,SK-0259-NAVY,,S,1,
,2,T-0260-NAVY,,---,1,
,,,,รวมก่อนลด,2,
,,,,ส่วนลด,,
,,,,ยอดสุทธิ,,
,,,,,,
,,,,,,
,,,,,,
,,,,,,
152,,INV20170800792,2017-08-14 16:13:16,,,
,,,,,,
,ลำดับ,รหัสสินค้า,,ออพชั่น,จำนวน,
,1,D-0223-BLACK,,M,1,
,2,D-0246-BLACK,,S,1,
,,,,รวมก่อนลด,2,
,,,,ส่วนลด,,
,,,,ยอดสุทธิ,,
,,,,,,
,,,,,,
,,,,,,
,,,,,,
153,,INV20170800796,2017-08-14 16:25:16,,,
,,,,,,
,ลำดับ,รหัสสินค้า,,ออพชั่น,จำนวน,
,1,T-0263-WHITE,,M,1,
,,,,รวมก่อนลด,1,
,,,,ส่วนลด,,
,,,,ยอดสุทธิ,,
,,,,,,
,,,,,,
,,,,,,
,,,,,,
154,,INV20170800797,2017-08-14 16:31:40,,,
,,,,,,
,ลำดับ,รหัสสินค้า,,ออพชั่น,จำนวน,
,1,SK-0259-NAVY,,M,1,
,,,,รวมก่อนลด,1,
,,,,ส่วนลด,,
,,,,ยอดสุทธิ,,
,,,,,,
,,,,,,
,,,,,,
,,,,,,
155,,INV20170800800,2017-08-14 17:14:25,,,
,,,,,,
,ลำดับ,รหัสสินค้า,,ออพชั่น,จำนวน,
,1,SK-0222-BLUE GREY,,M,1,
,,,,รวมก่อนลด,1,
,,,,ส่วนลด,,
,,,,ยอดสุทธิ,,
,,,,,,
,,,,,,
,,,,,,
,,,,,,
156,,INV20170800802,2017-08-14 17:36:34,,,
,,,,,,
,ลำดับ,รหัสสินค้า,,ออพชั่น,จำนวน,
,1,SK-0222-BLACK,,M,1,
,,,,รวมก่อนลด,1,
,,,,ส่วนลด,,
,,,,ยอดสุทธิ,,
,,,,,,
,,,,,,
,,,,,,
,,,,,,
157,,INV20170800804,2017-08-14 17:43:54,,,
,,,,,,
,ลำดับ,รหัสสินค้า,,ออพชั่น,จำนวน,
,1,D-0150-WHITE,,M,1,
,,,,รวมก่อนลด,1,
,,,,ส่วนลด,,
,,,,ยอดสุทธิ,,
,,,,,,
,,,,,,
,,,,,,
,,,,,,
158,,INV20170800806,2017-08-14 17:57:24,,,
,,,,,,
,ลำดับ,รหัสสินค้า,,ออพชั่น,จำนวน,
,1,T-0193-WHITE,,S,1,
,,,,รวมก่อนลด,1,
,,,,ส่วนลด,,
,,,,ยอดสุทธิ,,
,,,,,,
,,,,,,
,,,,,,
,,,,,,
159,,INV20170800811,2017-08-14 19:36:30,,,
,,,,,,
,ลำดับ,รหัสสินค้า,,ออพชั่น,จำนวน,
,1,D-0183-BLACK,,S,1,
,2,D-0204-NAVY,,S,1,
,3,T-0226-NAVY,,M,1,
,,,,รวมก่อนลด,3,
,,,,ส่วนลด,,
,,,,ยอดสุทธิ,,
,,,,,,
,,,,,,
,,,,,,
,,,,,,
160,,INV20170800812,2017-08-14 19:44:40,,,
,,,,,,
,ลำดับ,รหัสสินค้า,,ออพชั่น,จำนวน,
,1,T-0260-BLUE GREY,,---,1,
,,,,รวมก่อนลด,1,
,,,,ส่วนลด,,
,,,,ยอดสุทธิ,,
,,,,,,
,,,,,,
,,,,,,
,,,,,,
161,,INV20170800815,2017-08-14 20:06:25,,,
,,,,,,
,ลำดับ,รหัสสินค้า,,ออพชั่น,จำนวน,
,1,T-0262-BLACK,,---,1,
,2,T-0262-NUDE PINK,,---,1,
,,,,รวมก่อนลด,2,
,,,,ส่วนลด,,
,,,,ยอดสุทธิ,,
,,,,,,
,,,,,,
,,,,,,
,,,,,,
162,,INV20170800822,2017-08-15 12:55:02,,,
,,,,,,
,ลำดับ,รหัสสินค้า,,ออพชั่น,จำนวน,
,1,T-0262-NUDE PINK,,---,1,
,,,,รวมก่อนลด,1,
,,,,ส่วนลด,,
,,,,ยอดสุทธิ,,
,,,,,,
,,,,,,
,,,,,,
,,,,,,
163,,INV20170800827,2017-08-15 15:58:43,,,
,,,,,,
,ลำดับ,รหัสสินค้า,,ออพชั่น,จำนวน,
,1,SK-0255-BLACK,,S,1,
,,,,รวมก่อนลด,1,
,,,,ส่วนลด,,
,,,,ยอดสุทธิ,,
,,,,,,
,,,,,,
,,,,,,
,,,,,,
164,,INV20170800830,2017-08-15 16:53:03,,,
,,,,,,
,ลำดับ,รหัสสินค้า,,ออพชั่น,จำนวน,
,1,SK-0245-BLUE JEAN,,L,1,
,2,SK-0251-PINK,,L,1,
,,,,รวมก่อนลด,2,
,,,,ส่วนลด,,
,,,,ยอดสุทธิ,,
,,,,,,
,,,,,,
,,,,,,
,,,,,,
165,,INV20170800831,2017-08-15 16:56:42,,,
,,,,,,
,ลำดับ,รหัสสินค้า,,ออพชั่น,จำนวน,
,1,SK-0255-BEIGE,,S,-1,
,2,SK-0255-BEIGE,,M,1,
,,,,รวมก่อนลด,0,
,,,,ส่วนลด,,
,,,,ยอดสุทธิ,,
,,,,,,
,,,,,,
,,,,,,
,,,,,,
166,,INV20170800834,2017-08-15 17:32:35,,,
,,,,,,
,ลำดับ,รหัสสินค้า,,ออพชั่น,จำนวน,
,1,SK-0203-BLACK,,M,1,
,,,,รวมก่อนลด,1,
,,,,ส่วนลด,,
,,,,ยอดสุทธิ,,
,,,,,,
,,,,,,
,,,,,,
,,,,,,
167,,INV20170800840,2017-08-15 18:33:34,,,
,,,,,,
,ลำดับ,รหัสสินค้า,,ออพชั่น,จำนวน,
,1,SK-0203-BURGUNDY,,S,1,
,,,,รวมก่อนลด,1,
,,,,ส่วนลด,,
,,,,ยอดสุทธิ,,
,,,,,,
,,,,,,
,,,,,,
,,,,,,
168,,INV20170800842,2017-08-15 19:12:39,,,
,,,,,,
,ลำดับ,รหัสสินค้า,,ออพชั่น,จำนวน,
,1,SK-0259-BLUE GREY,,L,1,
,,,,รวมก่อนลด,1,
,,,,ส่วนลด,,
,,,,ยอดสุทธิ,,
,,,,,,
,,,,,,
,,,,,,
,,,,,,
169,,INV20170800846,2017-08-15 19:33:41,,,
,,,,,,
,ลำดับ,รหัสสินค้า,,ออพชั่น,จำนวน,
,1,SK-0203-BLACK,,S,1,
,,,,รวมก่อนลด,1,
,,,,ส่วนลด,,
,,,,ยอดสุทธิ,,
,,,,,,
,,,,,,
,,,,,,
,,,,,,
170,,INV20170800847,2017-08-15 19:40:21,,,
,,,,,,
,ลำดับ,รหัสสินค้า,,ออพชั่น,จำนวน,
,1,SK-0259-NAVY,,S,1,
,,,,รวมก่อนลด,1,
,,,,ส่วนลด,,
,,,,ยอดสุทธิ,,
,,,,,,
,,,,,,
,,,,,,
,,,,,,
171,,INV20170800873,2017-08-16 14:03:44,,,
,,,,,,
,ลำดับ,รหัสสินค้า,,ออพชั่น,จำนวน,
,1,T-0262-NUDE PINK,,---,1,
,,,,รวมก่อนลด,1,
,,,,ส่วนลด,,
,,,,ยอดสุทธิ,,
,,,,,,
,,,,,,
,,,,,,
,,,,,,
172,,INV20170800876,2017-08-16 14:32:35,,,
,,,,,,
,ลำดับ,รหัสสินค้า,,ออพชั่น,จำนวน,
,1,SK-0203-BLACK,,L,1,
,,,,รวมก่อนลด,1,
,,,,ส่วนลด,,
,,,,ยอดสุทธิ,,
,,,,,,
,,,,,,
,,,,,,
,,,,,,
173,,INV20170800877,2017-08-16 14:41:47,,,
,,,,,,
,ลำดับ,รหัสสินค้า,,ออพชั่น,จำนวน,
,1,D-0230-BLACK,,M,1,
,2,D-0232-WHITE,,M,1,
,,,,รวมก่อนลด,2,
,,,,ส่วนลด,,
,,,,ยอดสุทธิ,,
,,,,,,
,,,,,,
,,,,,,
,,,,,,
174,,INV20170800878,2017-08-16 15:01:46,,,
,,,,,,
,ลำดับ,รหัสสินค้า,,ออพชั่น,จำนวน,
,1,D-0257-GREY,,M,2,
,,,,รวมก่อนลด,2,
,,,,ส่วนลด,,
,,,,ยอดสุทธิ,,
,,,,,,
,,,,,,
,,,,,,
,,,,,,
175,,INV20170800882,2017-08-16 15:48:28,,,
,,,,,,
,ลำดับ,รหัสสินค้า,,ออพชั่น,จำนวน,
,1,SK-0245-BLACK,,S,1,
,,,,รวมก่อนลด,1,
,,,,ส่วนลด,,
,,,,ยอดสุทธิ,,
,,,,,,
,,,,,,
,,,,,,
,,,,,,
176,,INV20170800883,2017-08-16 16:11:33,,,
,,,,,,
,ลำดับ,รหัสสินค้า,,ออพชั่น,จำนวน,
,1,SK-0259-BLUE GREY,,M,1,
,,,,รวมก่อนลด,1,
,,,,ส่วนลด,,
,,,,ยอดสุทธิ,,
,,,,,,
,,,,,,
,,,,,,
,,,,,,
177,,INV20170800886,2017-08-16 16:40:05,,,
,,,,,,
,ลำดับ,รหัสสินค้า,,ออพชั่น,จำนวน,
,1,SH-0132-GREY,,S,1,
,,,,รวมก่อนลด,1,
,,,,ส่วนลด,,
,,,,ยอดสุทธิ,,
,,,,,,
,,,,,,
,,,,,,
,,,,,,
178,,INV20170800899,2017-08-16 20:42:51,,,
,,,,,,
,ลำดับ,รหัสสินค้า,,ออพชั่น,จำนวน,
,1,SK-0203-BLACK,,S,1,
,,,,รวมก่อนลด,1,
,,,,ส่วนลด,,
,,,,ยอดสุทธิ,,
,,,,,,
,,,,,,
,,,,,,
,,,,,,
179,,INV20170800907,2017-08-17 12:20:24,,,
,,,,,,
,ลำดับ,รหัสสินค้า,,ออพชั่น,จำนวน,
,1,JS-0236-BLACK,,M,1,
,2,T-0225-MINT,,---,1,
,3,T-0226-GREY,,S,1,
,,,,รวมก่อนลด,3,
,,,,ส่วนลด,,
,,,,ยอดสุทธิ,,
,,,,,,
,,,,,,
,,,,,,
,,,,,,
180,,INV20170800925,2017-08-17 18:23:20,,,
,,,,,,
,ลำดับ,รหัสสินค้า,,ออพชั่น,จำนวน,
,1,SK-0255-BURGUNDY,,S,1,
,2,SK-0259-NAVY,,S,1,
,3,T-0215-WHITE,,---,1,
,,,,รวมก่อนลด,3,
,,,,ส่วนลด,,
,,,,ยอดสุทธิ,,
,,,,,,
,,,,,,
,,,,,,
,,,,,,
181,,INV20170800928,2017-08-17 18:52:18,,,
,,,,,,
,ลำดับ,รหัสสินค้า,,ออพชั่น,จำนวน,
,1,D-0183-BLACK,,M,1,
,,,,รวมก่อนลด,1,
,,,,ส่วนลด,,
,,,,ยอดสุทธิ,,
,,,,,,
,,,,,,
,,,,,,
,,,,,,
182,,INV20170800931,2017-08-17 20:08:34,,,
,,,,,,
,ลำดับ,รหัสสินค้า,,ออพชั่น,จำนวน,
,1,SK-0255-BEIGE,,S,1,
,2,T-0263-WHITE,,S,1,
,,,,รวมก่อนลด,2,
,,,,ส่วนลด,,
,,,,ยอดสุทธิ,,
,,,,,,
,,,,,,
,,,,,,
,,,,,,
183,,INV20170800935,2017-08-17 21:17:20,,,
,,,,,,
,ลำดับ,รหัสสินค้า,,ออพชั่น,จำนวน,
,1,D-0257-DARK BLUE,,M,1,
,2,SK-0206-NAVY,,M,1,
,3,T-0219-OROSE,,---,1,
,,,,รวมก่อนลด,3,
,,,,ส่วนลด,,
,,,,ยอดสุทธิ,,
,,,,,,
,,,,,,
,,,,,,
,,,,,,
184,,INV20170800946,2017-08-18 13:50:00,,,
,,,,,,
,ลำดับ,รหัสสินค้า,,ออพชั่น,จำนวน,
,1,D-0244-BLACK,,S,1,
,2,D-0246-NAVY,,S,1,
,,,,รวมก่อนลด,2,
,,,,ส่วนลด,,
,,,,ยอดสุทธิ,,
,,,,,,
,,,,,,
,,,,,,
,,,,,,
185,,INV20170800949,2017-08-18 14:29:19,,,
,,,,,,
,ลำดับ,รหัสสินค้า,,ออพชั่น,จำนวน,
,1,SK-0203-BLUE GREY,,M,1,
,,,,รวมก่อนลด,1,
,,,,ส่วนลด,,
,,,,ยอดสุทธิ,,
,,,,,,
,,,,,,
,,,,,,
,,,,,,
186,,INV20170800954,2017-08-18 15:24:45,,,
,,,,,,
,ลำดับ,รหัสสินค้า,,ออพชั่น,จำนวน,
,1,T-LK-006-BLACK,,---,1,
,,,,รวมก่อนลด,1,
,,,,ส่วนลด,,
,,,,ยอดสุทธิ,,
,,,,,,
,,,,,,
,,,,,,
,,,,,,
187,,INV20170800955,2017-08-18 15:33:20,,,
,,,,,,
,ลำดับ,รหัสสินค้า,,ออพชั่น,จำนวน,
,1,T-0262-NUDE PINK,,---,1,
,,,,รวมก่อนลด,1,
,,,,ส่วนลด,,
,,,,ยอดสุทธิ,,
,,,,,,
,,,,,,
,,,,,,
,,,,,,
188,,INV20170800963,2017-08-18 17:23:06,,,
,,,,,,
,ลำดับ,รหัสสินค้า,,ออพชั่น,จำนวน,
,1,D-0183-NUDE PINK,,M,1,
,,,,รวมก่อนลด,1,
,,,,ส่วนลด,,
,,,,ยอดสุทธิ,,
,,,,,,
,,,,,,
,,,,,,
,,,,,,
189,,INV20170800965,2017-08-18 18:16:55,,,
,,,,,,
,ลำดับ,รหัสสินค้า,,ออพชั่น,จำนวน,
,1,SK-0203-BLACK,,L,1,
,2,T-0262-NUDE PINK,,---,1,
,,,,รวมก่อนลด,2,
,,,,ส่วนลด,,
,,,,ยอดสุทธิ,,
,,,,,,
,,,,,,
,,,,,,
,,,,,,
190,,INV20170800967,2017-08-18 18:35:33,,,
,,,,,,
,ลำดับ,รหัสสินค้า,,ออพชั่น,จำนวน,
,1,SH-0229-BLACK,,M,1,
,,,,รวมก่อนลด,1,
,,,,ส่วนลด,,
,,,,ยอดสุทธิ,,
,,,,,,
,,,,,,
,,,,,,
,,,,,,
191,,INV20170800970,2017-08-18 18:55:18,,,
,,,,,,
,ลำดับ,รหัสสินค้า,,ออพชั่น,จำนวน,
,1,D-0183-NUDE PINK,,M,1,
,2,D-0209-WHITE,,M,1,
,3,D-0246-GREY,,M,1,
,4,D-0257-GREY,,M,1,
,,,,รวมก่อนลด,4,
,,,,ส่วนลด,,
,,,,ยอดสุทธิ,,
,,,,,,
,,,,,,
,,,,,,
,,,,,,
192,,INV20170800971,2017-08-18 19:10:54,,,
,,,,,,
,ลำดับ,รหัสสินค้า,,ออพชั่น,จำนวน,
,1,D-0230-BLACK,,M,1,
,2,D-0242-PINK,,M,1,
,3,D-0246-GREY,,M,1,
,4,D-0257-BLACK,,M,1,
,,,,รวมก่อนลด,4,
,,,,ส่วนลด,,
,,,,ยอดสุทธิ,,
,,,,,,
,,,,,,
,,,,,,
,,,,,,
193,,INV20170800973,2017-08-18 19:17:12,,,
,,,,,,
,ลำดับ,รหัสสินค้า,,ออพชั่น,จำนวน,
,1,P-0142-WHITE,,S,1,
,,,,รวมก่อนลด,1,
,,,,ส่วนลด,,
,,,,ยอดสุทธิ,,
,,,,,,
,,,,,,
,,,,,,
,,,,,,
194,,INV20170800976,2017-08-18 19:21:17,,,
,,,,,,
,ลำดับ,รหัสสินค้า,,ออพชั่น,จำนวน,
,1,D-0204-BLACK,,S,1,
,,,,รวมก่อนลด,1,
,,,,ส่วนลด,,
,,,,ยอดสุทธิ,,
,,,,,,
,,,,,,
,,,,,,
,,,,,,
195,,INV20170800979,2017-08-18 19:32:32,,,
,,,,,,
,ลำดับ,รหัสสินค้า,,ออพชั่น,จำนวน,
,1,D-0257-BLACK,,S,1,
,,,,รวมก่อนลด,1,
,,,,ส่วนลด,,
,,,,ยอดสุทธิ,,
,,,,,,
,,,,,,
,,,,,,
,,,,,,
196,,INV20170800981,2017-08-18 20:06:46,,,
,,,,,,
,ลำดับ,รหัสสินค้า,,ออพชั่น,จำนวน,
,1,SK-0203-BLUE GREY,,S,1,
,,,,รวมก่อนลด,1,
,,,,ส่วนลด,,
,,,,ยอดสุทธิ,,
,,,,,,
,,,,,,
,,,,,,
,,,,,,
197,,INV20170800999,2017-08-19 13:36:17,,,
,,,,,,
,ลำดับ,รหัสสินค้า,,ออพชั่น,จำนวน,
,1,D-0183-NUDE PINK,,S,1,
,,,,รวมก่อนลด,1,
,,,,ส่วนลด,,
,,,,ยอดสุทธิ,,
,,,,,,
,,,,,,
,,,,,,
,,,,,,
198,,INV20170801000,2017-08-19 13:41:22,,,
,,,,,,
,ลำดับ,รหัสสินค้า,,ออพชั่น,จำนวน,
,1,T-0262-NUDE PINK,,---,1,
,,,,รวมก่อนลด,1,
,,,,ส่วนลด,,
,,,,ยอดสุทธิ,,
,,,,,,
,,,,,,
,,,,,,
,,,,,,
199,,INV20170801007,2017-08-19 15:28:48,,,
,,,,,,
,ลำดับ,รหัสสินค้า,,ออพชั่น,จำนวน,
,1,D-0244-WHITE,,S,1,
,2,SK-0259-NAVY,,L,1,
,3,T-0260-NAVY,,---,1,
,,,,รวมก่อนลด,3,
,,,,ส่วนลด,,
,,,,ยอดสุทธิ,,
,,,,,,
,,,,,,
,,,,,,
,,,,,,
200,,INV20170801014,2017-08-19 16:15:12,,,
,,,,,,
,ลำดับ,รหัสสินค้า,,ออพชั่น,จำนวน,
,1,D-0246-NAVY,,S,1,
,2,SK-0255-BEIGE,,M,1,
,,,,รวมก่อนลด,2,
,,,,ส่วนลด,,
,,,,ยอดสุทธิ,,
,,,,,,
,,,,,,
,,,,,,
,,,,,,
201,,INV20170801015,2017-08-19 16:17:27,,,
,,,,,,
,ลำดับ,รหัสสินค้า,,ออพชั่น,จำนวน,
,1,SK-0206-NAVY,,M,1,
,,,,รวมก่อนลด,1,
,,,,ส่วนลด,,
,,,,ยอดสุทธิ,,
,,,,,,
,,,,,,
,,,,,,
,,,,,,
202,,INV20170801024,2017-08-19 17:29:09,,,
,,,,,,
,ลำดับ,รหัสสินค้า,,ออพชั่น,จำนวน,
,1,SK-0248-BLACK,,S,1,
,2,SK-0259-NAVY,,S,1,
,,,,รวมก่อนลด,2,
,,,,ส่วนลด,,
,,,,ยอดสุทธิ,,
,,,,,,
,,,,,,
,,,,,,
,,,,,,
203,,INV20170801033,2017-08-19 19:05:04,,,
,,,,,,
,ลำดับ,รหัสสินค้า,,ออพชั่น,จำนวน,
,1,SK-0228-WHITE,,M,1,
,,,,รวมก่อนลด,1,
,,,,ส่วนลด,,
,,,,ยอดสุทธิ,,
,,,,,,
,,,,,,
,,,,,,
,,,,,,
204,,INV20170801035,2017-08-19 19:09:50,,,
,,,,,,
,ลำดับ,รหัสสินค้า,,ออพชั่น,จำนวน,
,1,SK-0222-BLUE GREY,,M,1,
,2,T-0221-BLUE GREY,,---,1,
,,,,รวมก่อนลด,2,
,,,,ส่วนลด,,
,,,,ยอดสุทธิ,,
,,,,,,
,,,,,,
,,,,,,
,,,,,,
205,,INV20170801038,2017-08-19 20:15:46,,,
,,,,,,
,ลำดับ,รหัสสินค้า,,ออพชั่น,จำนวน,
,1,D-0244-BLACK,,M,1,
,,,,รวมก่อนลด,1,
,,,,ส่วนลด,,
,,,,ยอดสุทธิ,,
,,,,,,
,,,,,,
,,,,,,
,,,,,,
206,,INV20170801039,2017-08-19 20:18:08,,,
,,,,,,
,ลำดับ,รหัสสินค้า,,ออพชั่น,จำนวน,
,1,A001-WHITE,,38,1,
,,,,รวมก่อนลด,1,
,,,,ส่วนลด,,
,,,,ยอดสุทธิ,,
,,,,,,
,,,,,,
,,,,,,
,,,,,,
207,,INV20170801049,2017-08-20 12:45:34,,,
,,,,,,
,ลำดับ,รหัสสินค้า,,ออพชั่น,จำนวน,
,1,SK-0259-NAVY,,S,1,
,,,,รวมก่อนลด,1,
,,,,ส่วนลด,,
,,,,ยอดสุทธิ,,
,,,,,,
,,,,,,
,,,,,,
,,,,,,
208,,INV20170801050,2017-08-20 13:05:45,,,
,,,,,,
,ลำดับ,รหัสสินค้า,,ออพชั่น,จำนวน,
,1,T-0262-NUDE PINK,,---,1,
,,,,รวมก่อนลด,1,
,,,,ส่วนลด,,
,,,,ยอดสุทธิ,,
,,,,,,
,,,,,,
,,,,,,
,,,,,,
209,,INV20170801052,2017-08-20 13:30:52,,,
,,,,,,
,ลำดับ,รหัสสินค้า,,ออพชั่น,จำนวน,
,1,SK-0255-BEIGE,,L,1,
,,,,รวมก่อนลด,1,
,,,,ส่วนลด,,
,,,,ยอดสุทธิ,,
,,,,,,
,,,,,,
,,,,,,
,,,,,,
210,,INV20170801060,2017-08-20 14:40:42,,,
,,,,,,
,ลำดับ,รหัสสินค้า,,ออพชั่น,จำนวน,
,1,SK-0228-์NUDE PINK,,M,1,
,2,SK-0255-BEIGE,,S,1,
,,,,รวมก่อนลด,2,
,,,,ส่วนลด,,
,,,,ยอดสุทธิ,,
,,,,,,
,,,,,,
,,,,,,
,,,,,,
211,,INV20170801082,2017-08-20 16:58:34,,,
,,,,,,
,ลำดับ,รหัสสินค้า,,ออพชั่น,จำนวน,
,1,D-0232-GREY,,S,1,
,2,D-0247-BLACK,,S,1,
,3,SK-0206-BLACK,,M,1,
,4,SK-0259-BLUE GREY,,M,1,
,,,,รวมก่อนลด,4,
,,,,ส่วนลด,,
,,,,ยอดสุทธิ,,
,,,,,,
,,,,,,
,,,,,,
,,,,,,
212,,INV20170801093,2017-08-20 18:00:36,,,
,,,,,,
,ลำดับ,รหัสสินค้า,,ออพชั่น,จำนวน,
,1,SK-0251-PINK,,M,1,
,,,,รวมก่อนลด,1,
,,,,ส่วนลด,,
,,,,ยอดสุทธิ,,
,,,,,,
,,,,,,
,,,,,,
,,,,,,
213,,INV20170801095,2017-08-20 18:11:05,,,
,,,,,,
,ลำดับ,รหัสสินค้า,,ออพชั่น,จำนวน,
,1,D-0183-BLACK,,M,1,
,,,,รวมก่อนลด,1,
,,,,ส่วนลด,,
,,,,ยอดสุทธิ,,
,,,,,,
,,,,,,
,,,,,,
,,,,,,
214,,INV20170801100,2017-08-20 19:22:09,,,
,,,,,,
,ลำดับ,รหัสสินค้า,,ออพชั่น,จำนวน,
,1,D-0230-BLACK,,M,1,
,2,SK-0222-BLUE GREY,,L,1,
,,,,รวมก่อนลด,2,
,,,,ส่วนลด,,
,,,,ยอดสุทธิ,,
,,,,,,
,,,,,,
,,,,,,
,,,,,,
215,,INV20170801103,2017-08-20 19:36:23,,,
,,,,,,
,ลำดับ,รหัสสินค้า,,ออพชั่น,จำนวน,
,1,D-0244-BLACK,,S,1,
,,,,รวมก่อนลด,1,
,,,,ส่วนลด,,
,,,,ยอดสุทธิ,,
,,,,,,
,,,,,,
,,,,,,
,,,,,,
216,,INV20170801104,2017-08-20 19:36:26,,,
,,,,,,
,ลำดับ,รหัสสินค้า,,ออพชั่น,จำนวน,
,1,D-0244-BLACK,,S,1,
,,,,รวมก่อนลด,1,
,,,,ส่วนลด,,
,,,,ยอดสุทธิ,,
,,,,,,
,,,,,,
,,,,,,
,,,,,,
217,,INV20170801105,2017-08-20 19:36:55,,,
,,,,,,
,ลำดับ,รหัสสินค้า,,ออพชั่น,จำนวน,
,1,SK-0259-NAVY,,M,1,
,,,,รวมก่อนลด,1,
,,,,ส่วนลด,,
,,,,ยอดสุทธิ,,
,,,,,,
,,,,,,
,,,,,,
,,,,,,
218,,INV20170801106,2017-08-20 19:40:01,,,
,,,,,,
,ลำดับ,รหัสสินค้า,,ออพชั่น,จำนวน,
,1,SK-0248-NUDE PINK,,M,1,
,,,,รวมก่อนลด,1,
,,,,ส่วนลด,,
,,,,ยอดสุทธิ,,
,,,,,,
,,,,,,
,,,,,,
,,,,,,
219,,INV20170801107,2017-08-20 19:57:57,,,
,,,,,,
,ลำดับ,รหัสสินค้า,,ออพชั่น,จำนวน,
,1,D-0257-BLACK,,S,1,
,2,SK-0259-NAVY,,M,1,
,3,T-0260-BLUE GREY,,---,1,
,,,,รวมก่อนลด,3,
,,,,ส่วนลด,,
,,,,ยอดสุทธิ,,
,,,,,,
,,,,,,
,,,,,,
,,,,,,
220,,INV20170801109,2017-08-20 21:03:16,,,
,,,,,,
,ลำดับ,รหัสสินค้า,,ออพชั่น,จำนวน,
,1,D-0244-BLACK,,S,-1,
,,,,รวมก่อนลด,-1,
,,,,ส่วนลด,,
,,,,ยอดสุทธิ,,
,,,,,,
,,,,,,
,,,,,,
,,,,,,
221,,INV20170801117,2017-08-21 13:27:12,,,
,,,,,,
,ลำดับ,รหัสสินค้า,,ออพชั่น,จำนวน,
,1,D-0241-BLACK,,S,1,
,,,,รวมก่อนลด,1,
,,,,ส่วนลด,,
,,,,ยอดสุทธิ,,
,,,,,,
,,,,,,
,,,,,,
,,,,,,
222,,INV20170801125,2017-08-21 16:05:43,,,
,,,,,,
,ลำดับ,รหัสสินค้า,,ออพชั่น,จำนวน,
,1,T-0262-NUDE PINK,,---,1,
,,,,รวมก่อนลด,1,
,,,,ส่วนลด,,
,,,,ยอดสุทธิ,,
,,,,,,
,,,,,,
,,,,,,
,,,,,,
223,,INV20170801126,2017-08-21 16:24:46,,,
,,,,,,
,ลำดับ,รหัสสินค้า,,ออพชั่น,จำนวน,
,1,D-224-WHITE,,M,1,
,2,JS-0236-BLACK,,M,1,
,3,T-0215-WHITE,,---,1,
,4,T-0263-BLACK,,M,1,
,,,,รวมก่อนลด,4,
,,,,ส่วนลด,,
,,,,ยอดสุทธิ,,
,,,,,,
,,,,,,
,,,,,,
,,,,,,
224,,INV20170801131,2017-08-21 18:19:32,,,
,,,,,,
,ลำดับ,รหัสสินค้า,,ออพชั่น,จำนวน,
,1,A002-BLACK,,36,1,
,,,,รวมก่อนลด,1,
,,,,ส่วนลด,,
,,,,ยอดสุทธิ,,
,,,,,,
,,,,,,
,,,,,,
,,,,,,
225,,INV20170801133,2017-08-21 18:40:35,,,
,,,,,,
,ลำดับ,รหัสสินค้า,,ออพชั่น,จำนวน,
,1,SK-0259-NAVY,,M,1,
,,,,รวมก่อนลด,1,
,,,,ส่วนลด,,
,,,,ยอดสุทธิ,,
,,,,,,
,,,,,,
,,,,,,
,,,,,,
226,,INV20170801137,2017-08-21 19:24:01,,,
,,,,,,
,ลำดับ,รหัสสินค้า,,ออพชั่น,จำนวน,
,1,T-0226-GREY,,M,1,
,,,,รวมก่อนลด,1,
,,,,ส่วนลด,,
,,,,ยอดสุทธิ,,
,,,,,,
,,,,,,
,,,,,,
,,,,,,
227,,INV20170801138,2017-08-21 19:41:48,,,
,,,,,,
,ลำดับ,รหัสสินค้า,,ออพชั่น,จำนวน,
,1,SK-0259-BLUE GREY,,L,1,
,2,T-0215-NUDE CREAM,,---,1,
,,,,รวมก่อนลด,2,
,,,,ส่วนลด,,
,,,,ยอดสุทธิ,,
,,,,,,
,,,,,,
,,,,,,
,,,,,,
228,,INV20170801141,2017-08-21 20:55:26,,,
,,,,,,
,ลำดับ,รหัสสินค้า,,ออพชั่น,จำนวน,
,1,SK-0245-BLACK,,S,1,
,,,,รวมก่อนลด,1,
,,,,ส่วนลด,,
,,,,ยอดสุทธิ,,
,,,,,,
,,,,,,
,,,,,,
,,,,,,
229,,INV20170801155,2017-08-22 15:41:26,,,
,,,,,,
,ลำดับ,รหัสสินค้า,,ออพชั่น,จำนวน,
,1,D-0257-BLACK,,S,1,
,,,,รวมก่อนลด,1,
,,,,ส่วนลด,,
,,,,ยอดสุทธิ,,
,,,,,,
,,,,,,
,,,,,,
,,,,,,
230,,INV20170801161,2017-08-22 17:55:00,,,
,,,,,,
,ลำดับ,รหัสสินค้า,,ออพชั่น,จำนวน,
,1,T-0249-WHITE,,---,1,
,,,,รวมก่อนลด,1,
,,,,ส่วนลด,,
,,,,ยอดสุทธิ,,
,,,,,,
,,,,,,
,,,,,,
,,,,,,
231,,INV20170801165,2017-08-22 19:26:02,,,
,,,,,,
,ลำดับ,รหัสสินค้า,,ออพชั่น,จำนวน,
,1,T-0214-DARK GREY,,M,1,
,,,,รวมก่อนลด,1,
,,,,ส่วนลด,,
,,,,ยอดสุทธิ,,
,,,,,,
,,,,,,
,,,,,,
,,,,,,
232,,INV20170801171,2017-08-22 20:12:39,,,
,,,,,,
,ลำดับ,รหัสสินค้า,,ออพชั่น,จำนวน,
,1,D-0216-NUDE PINK,,M,1,
,,,,รวมก่อนลด,1,
,,,,ส่วนลด,,
,,,,ยอดสุทธิ,,
,,,,,,
,,,,,,
,,,,,,
,,,,,,
233,,INV20170801185,2017-08-23 12:33:28,,,
,,,,,,
,ลำดับ,รหัสสินค้า,,ออพชั่น,จำนวน,
,1,SK-0206-BLACK,,L,1,
,,,,รวมก่อนลด,1,
,,,,ส่วนลด,,
,,,,ยอดสุทธิ,,
,,,,,,
,,,,,,
,,,,,,
,,,,,,
234,,INV20170801186,2017-08-23 12:56:57,,,
,,,,,,
,ลำดับ,รหัสสินค้า,,ออพชั่น,จำนวน,
,1,D-0204-BLUE GREY,,S,1,
,2,T-0262-WHITE,,---,1,
,,,,รวมก่อนลด,2,
,,,,ส่วนลด,,
,,,,ยอดสุทธิ,,
,,,,,,
,,,,,,
,,,,,,
,,,,,,
235,,INV20170801187,2017-08-23 13:55:35,,,
,,,,,,
,ลำดับ,รหัสสินค้า,,ออพชั่น,จำนวน,
,1,SK-0245-WHITE,,M,1,
,,,,รวมก่อนลด,1,
,,,,ส่วนลด,,
,,,,ยอดสุทธิ,,
,,,,,,
,,,,,,
,,,,,,
,,,,,,
236,,INV20170801188,2017-08-23 14:02:40,,,
,,,,,,
,ลำดับ,รหัสสินค้า,,ออพชั่น,จำนวน,
,1,D-0223-NAVY,,S,1,
,,,,รวมก่อนลด,1,
,,,,ส่วนลด,,
,,,,ยอดสุทธิ,,
,,,,,,
,,,,,,
,,,,,,
,,,,,,
237,,INV20170801191,2017-08-23 14:24:30,,,
,,,,,,
,ลำดับ,รหัสสินค้า,,ออพชั่น,จำนวน,
,1,SK-0255-BLACK,,S,1,
,,,,รวมก่อนลด,1,
,,,,ส่วนลด,,
,,,,ยอดสุทธิ,,
,,,,,,
,,,,,,
,,,,,,
,,,,,,
238,,INV20170801192,2017-08-23 15:11:36,,,
,,,,,,
,ลำดับ,รหัสสินค้า,,ออพชั่น,จำนวน,
,1,D-0183-BLACK,,M,1,
,2,D-0241-BLACK,,M,1,
,3,SK-0203-NAVY,,L,1,
,4,T-0262-NUDE PINK,,---,1,
,,,,รวมก่อนลด,4,
,,,,ส่วนลด,,
,,,,ยอดสุทธิ,,
,,,,,,
,,,,,,
,,,,,,
,,,,,,
239,,INV20170801197,2017-08-23 17:52:34,,,
,,,,,,
,ลำดับ,รหัสสินค้า,,ออพชั่น,จำนวน,
,1,SK-0228-BLACK,,L,1,
,2,SK-0255-BURGUNDY,,M,1,
,,,,รวมก่อนลด,2,
,,,,ส่วนลด,,
,,,,ยอดสุทธิ,,
,,,,,,
,,,,,,
,,,,,,
,,,,,,
240,,INV20170801201,2017-08-23 18:16:15,,,
,,,,,,
,ลำดับ,รหัสสินค้า,,ออพชั่น,จำนวน,
,1,SK-0228-์NUDE PINK,,M,1,
,,,,รวมก่อนลด,1,
,,,,ส่วนลด,,
,,,,ยอดสุทธิ,,
,,,,,,
,,,,,,
,,,,,,
,,,,,,
241,,INV20170801205,2017-08-23 19:07:24,,,
,,,,,,
,ลำดับ,รหัสสินค้า,,ออพชั่น,จำนวน,
,1,SK-0207-BLACK,,S,1,
,,,,รวมก่อนลด,1,
,,,,ส่วนลด,,
,,,,ยอดสุทธิ,,
,,,,,,
,,,,,,
,,,,,,
,,,,,,
242,,INV20170801214,2017-08-24 13:30:20,,,
,,,,,,
,ลำดับ,รหัสสินค้า,,ออพชั่น,จำนวน,
,1,D-0150-NAVY,,M,1,
,,,,รวมก่อนลด,1,
,,,,ส่วนลด,,
,,,,ยอดสุทธิ,,
,,,,,,
,,,,,,
,,,,,,
,,,,,,
243,,INV20170801217,2017-08-24 14:45:26,,,
,,,,,,
,ลำดับ,รหัสสินค้า,,ออพชั่น,จำนวน,
,1,T-0200-WHITE,,---,1,
,,,,รวมก่อนลด,1,
,,,,ส่วนลด,,
,,,,ยอดสุทธิ,,
,,,,,,
,,,,,,
,,,,,,
,,,,,,
244,,INV20170801258,2017-08-25 12:25:05,,,
,,,,,,
,ลำดับ,รหัสสินค้า,,ออพชั่น,จำนวน,
,1,SK-0206-BLACK,,L,1,
,,,,รวมก่อนลด,1,
,,,,ส่วนลด,,
,,,,ยอดสุทธิ,,
,,,,,,
,,,,,,
,,,,,,
,,,,,,
245,,INV20170801259,2017-08-25 12:37:18,,,
,,,,,,
,ลำดับ,รหัสสินค้า,,ออพชั่น,จำนวน,
,1,T-0258-WHITE,,---,1,
,,,,รวมก่อนลด,1,
,,,,ส่วนลด,,
,,,,ยอดสุทธิ,,
,,,,,,
,,,,,,
,,,,,,
,,,,,,
246,,INV20170801262,2017-08-25 12:55:21,,,
,,,,,,
,ลำดับ,รหัสสินค้า,,ออพชั่น,จำนวน,
,1,D-0246-BLACK,,S,1,
,2,SK-0207-BLACK,,S,1,
,,,,รวมก่อนลด,2,
,,,,ส่วนลด,,
,,,,ยอดสุทธิ,,
,,,,,,
,,,,,,
,,,,,,
,,,,,,
247,,INV20170801264,2017-08-25 13:19:13,,,
,,,,,,
,ลำดับ,รหัสสินค้า,,ออพชั่น,จำนวน,
,1,D-0230-BLACK,,S,1,
,2,D-0246-BLACK,,S,-1,
,,,,รวมก่อนลด,0,
,,,,ส่วนลด,,
,,,,ยอดสุทธิ,,
,,,,,,
,,,,,,
,,,,,,
,,,,,,
248,,INV20170801266,2017-08-25 13:40:09,,,
,,,,,,
,ลำดับ,รหัสสินค้า,,ออพชั่น,จำนวน,
,1,D-0204-BLACK,,M,1,
,,,,รวมก่อนลด,1,
,,,,ส่วนลด,,
,,,,ยอดสุทธิ,,
,,,,,,
,,,,,,
,,,,,,
,,,,,,
249,,INV20170801268,2017-08-25 13:58:23,,,
,,,,,,
,ลำดับ,รหัสสินค้า,,ออพชั่น,จำนวน,
,1,T-0262-BLACK,,---,1,
,,,,รวมก่อนลด,1,
,,,,ส่วนลด,,
,,,,ยอดสุทธิ,,
,,,,,,
,,,,,,
,,,,,,
,,,,,,
250,,INV20170801269,2017-08-25 14:15:30,,,
,,,,,,
,ลำดับ,รหัสสินค้า,,ออพชั่น,จำนวน,
,1,SK-0259-NAVY,,M,1,
,2,T-0260-NAVY,,---,1,
,,,,รวมก่อนลด,2,
,,,,ส่วนลด,,
,,,,ยอดสุทธิ,,
,,,,,,
,,,,,,
,,,,,,
,,,,,,
251,,INV20170801273,2017-08-25 14:31:53,,,
,,,,,,
,ลำดับ,รหัสสินค้า,,ออพชั่น,จำนวน,
,1,SK-0203-BLUE GREY,,L,1,
,2,SK-0207-NAVY,,L,1,
,,,,รวมก่อนลด,2,
,,,,ส่วนลด,,
,,,,ยอดสุทธิ,,
,,,,,,
,,,,,,
,,,,,,
,,,,,,
252,,INV20170801274,2017-08-25 14:36:28,,,
,,,,,,
,ลำดับ,รหัสสินค้า,,ออพชั่น,จำนวน,
,1,D-0216-BLACK,,S,1,
,2,SK-0259-NAVY,,L,1,
,3,SK-0261-BLUE,,L,1,
,,,,รวมก่อนลด,3,
,,,,ส่วนลด,,
,,,,ยอดสุทธิ,,
,,,,,,
,,,,,,
,,,,,,
,,,,,,
253,,INV20170801287,2017-08-25 16:46:15,,,
,,,,,,
,ลำดับ,รหัสสินค้า,,ออพชั่น,จำนวน,
,1,T-0258-BLUE,,---,1,
,,,,รวมก่อนลด,1,
,,,,ส่วนลด,,
,,,,ยอดสุทธิ,,
,,,,,,
,,,,,,
,,,,,,
,,,,,,
254,,INV20170801290,2017-08-25 16:54:04,,,
,,,,,,
,ลำดับ,รหัสสินค้า,,ออพชั่น,จำนวน,
,1,D-0150-BLACK,,S,1,
,,,,รวมก่อนลด,1,
,,,,ส่วนลด,,
,,,,ยอดสุทธิ,,
,,,,,,
,,,,,,
,,,,,,
,,,,,,
255,,INV20170801292,2017-08-25 17:15:00,,,
,,,,,,
,ลำดับ,รหัสสินค้า,,ออพชั่น,จำนวน,
,1,D-0204-BLACK,,M,1,
,,,,รวมก่อนลด,1,
,,,,ส่วนลด,,
,,,,ยอดสุทธิ,,
,,,,,,
,,,,,,
,,,,,,
,,,,,,
256,,INV20170801294,2017-08-25 17:29:00,,,
,,,,,,
,ลำดับ,รหัสสินค้า,,ออพชั่น,จำนวน,
,1,D-0252-BLACK,,S,1,
,,,,รวมก่อนลด,1,
,,,,ส่วนลด,,
,,,,ยอดสุทธิ,,
,,,,,,
,,,,,,
,,,,,,
,,,,,,
257,,INV20170801299,2017-08-25 18:06:20,,,
,,,,,,
,ลำดับ,รหัสสินค้า,,ออพชั่น,จำนวน,
,1,SK-0207-NAVY,,S,1,
,,,,รวมก่อนลด,1,
,,,,ส่วนลด,,
,,,,ยอดสุทธิ,,
,,,,,,
,,,,,,
,,,,,,
,,,,,,
258,,INV20170801303,2017-08-25 18:19:24,,,
,,,,,,
,ลำดับ,รหัสสินค้า,,ออพชั่น,จำนวน,
,1,D-0204-BLUE GREY,,S,1,
,2,D-0244-BLACK,,S,1,
,3,D-0252-GREY,,S,1,
,4,SK-0240-BLACK,,S,1,
,5,SK-0240-WHITE,,S,1,
,6,T-0228-NAVY,,S,1,
,,,,รวมก่อนลด,6,
,,,,ส่วนลด,,
,,,,ยอดสุทธิ,,
,,,,,,
,,,,,,
,,,,,,
,,,,,,
259,,INV20170801307,2017-08-25 18:50:22,,,
,,,,,,
,ลำดับ,รหัสสินค้า,,ออพชั่น,จำนวน,
,1,D-0257-GREY,,S,1,
,,,,รวมก่อนลด,1,
,,,,ส่วนลด,,
,,,,ยอดสุทธิ,,
,,,,,,
,,,,,,
,,,,,,
,,,,,,
260,,INV20170801309,2017-08-25 18:58:19,,,
,,,,,,
,ลำดับ,รหัสสินค้า,,ออพชั่น,จำนวน,
,1,SK-0261-DARK GREY,,S,1,
,,,,รวมก่อนลด,1,
,,,,ส่วนลด,,
,,,,ยอดสุทธิ,,
,,,,,,
,,,,,,
,,,,,,
,,,,,,
261,,INV20170801310,2017-08-25 18:59:24,,,
,,,,,,
,ลำดับ,รหัสสินค้า,,ออพชั่น,จำนวน,
,1,T-0249-BLUE JEAN,,---,1,
,,,,รวมก่อนลด,1,
,,,,ส่วนลด,,
,,,,ยอดสุทธิ,,
,,,,,,
,,,,,,
,,,,,,
,,,,,,
262,,INV20170801316,2017-08-25 19:40:51,,,
,,,,,,
,ลำดับ,รหัสสินค้า,,ออพชั่น,จำนวน,
,1,T-0263-BLACK,,M,1,
,,,,รวมก่อนลด,1,
,,,,ส่วนลด,,
,,,,ยอดสุทธิ,,
,,,,,,
,,,,,,
,,,,,,
,,,,,,
263,,INV20170801322,2017-08-25 19:59:56,,,
,,,,,,
,ลำดับ,รหัสสินค้า,,ออพชั่น,จำนวน,
,1,D-0246-GREY,,S,1,
,,,,รวมก่อนลด,1,
,,,,ส่วนลด,,
,,,,ยอดสุทธิ,,
,,,,,,
,,,,,,
,,,,,,
,,,,,,
264,,INV20170801325,2017-08-25 20:27:52,,,
,,,,,,
,ลำดับ,รหัสสินค้า,,ออพชั่น,จำนวน,
,1,D-0216-BLACK,,M,1,
,2,D-0223-BLACK,,M,1,
,,,,รวมก่อนลด,2,
,,,,ส่วนลด,,
,,,,ยอดสุทธิ,,
,,,,,,
,,,,,,
,,,,,,
,,,,,,
265,,INV20170801328,2017-08-25 20:47:40,,,
,,,,,,
,ลำดับ,รหัสสินค้า,,ออพชั่น,จำนวน,
,1,SK-0207-NAVY,,S,1,
,,,,รวมก่อนลด,1,
,,,,ส่วนลด,,
,,,,ยอดสุทธิ,,
,,,,,,
,,,,,,
,,,,,,
,,,,,,
266,,INV20170801345,2017-08-26 12:34:22,,,
,,,,,,
,ลำดับ,รหัสสินค้า,,ออพชั่น,จำนวน,
,1,D-0216-BLACK,,S,1,
,,,,รวมก่อนลด,1,
,,,,ส่วนลด,,
,,,,ยอดสุทธิ,,
,,,,,,
,,,,,,
,,,,,,
,,,,,,
267,,INV20170801351,2017-08-26 12:58:17,,,
,,,,,,
,ลำดับ,รหัสสินค้า,,ออพชั่น,จำนวน,
,1,D-0223-BLACK,,S,1,
,,,,รวมก่อนลด,1,
,,,,ส่วนลด,,
,,,,ยอดสุทธิ,,
,,,,,,
,,,,,,
,,,,,,
,,,,,,
268,,INV20170801358,2017-08-26 14:17:04,,,
,,,,,,
,ลำดับ,รหัสสินค้า,,ออพชั่น,จำนวน,
,1,SK-0248-NUDE PINK,,S,1,
,2,SK-0259-NAVY,,M,1,
,,,,รวมก่อนลด,2,
,,,,ส่วนลด,,
,,,,ยอดสุทธิ,,
,,,,,,
,,,,,,
,,,,,,
,,,,,,
269,,INV20170801362,2017-08-26 15:07:17,,,
,,,,,,
,ลำดับ,รหัสสินค้า,,ออพชั่น,จำนวน,
,1,SK-0248-WHITE,,L,1,
,,,,รวมก่อนลด,1,
,,,,ส่วนลด,,
,,,,ยอดสุทธิ,,
,,,,,,
,,,,,,
,,,,,,
,,,,,,
270,,INV20170801365,2017-08-26 15:35:37,,,
,,,,,,
,ลำดับ,รหัสสินค้า,,ออพชั่น,จำนวน,
,1,T-0258-BLUE,,---,1,
,,,,รวมก่อนลด,1,
,,,,ส่วนลด,,
,,,,ยอดสุทธิ,,
,,,,,,
,,,,,,
,,,,,,
,,,,,,
271,,INV20170801366,2017-08-26 15:38:17,,,
,,,,,,
,ลำดับ,รหัสสินค้า,,ออพชั่น,จำนวน,
,1,SK-0261-DARK GREY,,M,1,
,2,T-0258-GREY,,---,1,
,,,,รวมก่อนลด,2,
,,,,ส่วนลด,,
,,,,ยอดสุทธิ,,
,,,,,,
,,,,,,
,,,,,,
,,,,,,
272,,INV20170801370,2017-08-26 15:49:33,,,
,,,,,,
,ลำดับ,รหัสสินค้า,,ออพชั่น,จำนวน,
,1,D-0204-BLUE GREY,,M,1,
,,,,รวมก่อนลด,1,
,,,,ส่วนลด,,
,,,,ยอดสุทธิ,,
,,,,,,
,,,,,,
,,,,,,
,,,,,,
273,,INV20170801371,2017-08-26 15:50:11,,,
,,,,,,
,ลำดับ,รหัสสินค้า,,ออพชั่น,จำนวน,
,1,D-0252-GREY,,M,1,
,,,,รวมก่อนลด,1,
,,,,ส่วนลด,,
,,,,ยอดสุทธิ,,
,,,,,,
,,,,,,
,,,,,,
,,,,,,
274,,INV20170801378,2017-08-26 16:15:53,,,
,,,,,,
,ลำดับ,รหัสสินค้า,,ออพชั่น,จำนวน,
,1,T-0262-BLACK,,---,1,
,,,,รวมก่อนลด,1,
,,,,ส่วนลด,,
,,,,ยอดสุทธิ,,
,,,,,,
,,,,,,
,,,,,,
,,,,,,
275,,INV20170801382,2017-08-26 16:43:16,,,
,,,,,,
,ลำดับ,รหัสสินค้า,,ออพชั่น,จำนวน,
,1,T-0214-DARK GREY,,M,1,
,,,,รวมก่อนลด,1,
,,,,ส่วนลด,,
,,,,ยอดสุทธิ,,
,,,,,,
,,,,,,
,,,,,,
,,,,,,
276,,INV20170801383,2017-08-26 16:45:48,,,
,,,,,,
,ลำดับ,รหัสสินค้า,,ออพชั่น,จำนวน,
,1,SK-0206-NAVY,,S,1,
,,,,รวมก่อนลด,1,
,,,,ส่วนลด,,
,,,,ยอดสุทธิ,,
,,,,,,
,,,,,,
,,,,,,
,,,,,,
277,,INV20170801385,2017-08-26 16:52:17,,,
,,,,,,
,ลำดับ,รหัสสินค้า,,ออพชั่น,จำนวน,
,1,SK-0251-BLUE GREY,,M,1,
,,,,รวมก่อนลด,1,
,,,,ส่วนลด,,
,,,,ยอดสุทธิ,,
,,,,,,
,,,,,,
,,,,,,
,,,,,,
278,,INV20170801386,2017-08-26 17:04:43,,,
,,,,,,
,ลำดับ,รหัสสินค้า,,ออพชั่น,จำนวน,
,1,SH-0229-NAVY,,M,1,
,,,,รวมก่อนลด,1,
,,,,ส่วนลด,,
,,,,ยอดสุทธิ,,
,,,,,,
,,,,,,
,,,,,,
,,,,,,
279,,INV20170801399,2017-08-26 18:26:03,,,
,,,,,,
,ลำดับ,รหัสสินค้า,,ออพชั่น,จำนวน,
,1,SK-0222-BLUE GREY,,L,1,
,,,,รวมก่อนลด,1,
,,,,ส่วนลด,,
,,,,ยอดสุทธิ,,
,,,,,,
,,,,,,
,,,,,,
,,,,,,
280,,INV20170801400,2017-08-26 18:41:07,,,
,,,,,,
,ลำดับ,รหัสสินค้า,,ออพชั่น,จำนวน,
,1,D-0252-BLACK,,S,1,
,,,,รวมก่อนลด,1,
,,,,ส่วนลด,,
,,,,ยอดสุทธิ,,
,,,,,,
,,,,,,
,,,,,,
,,,,,,
281,,INV20170801403,2017-08-26 19:08:41,,,
,,,,,,
,ลำดับ,รหัสสินค้า,,ออพชั่น,จำนวน,
,1,D-0204-NAVY,,S,1,
,,,,รวมก่อนลด,1,
,,,,ส่วนลด,,
,,,,ยอดสุทธิ,,
,,,,,,
,,,,,,
,,,,,,
,,,,,,
282,,INV20170801405,2017-08-26 19:16:28,,,
,,,,,,
,ลำดับ,รหัสสินค้า,,ออพชั่น,จำนวน,
,1,D-0244-BLACK,,S,1,
,2,SK-0261-BLACK,,L,1,
,3,T-0186-BLACK,,---,1,
,,,,รวมก่อนลด,3,
,,,,ส่วนลด,,
,,,,ยอดสุทธิ,,
,,,,,,
,,,,,,
,,,,,,
,,,,,,
283,,INV20170801411,2017-08-26 19:42:21,,,
,,,,,,
,ลำดับ,รหัสสินค้า,,ออพชั่น,จำนวน,
,1,SK-0259-BLUE GREY,,S,1,
,,,,รวมก่อนลด,1,
,,,,ส่วนลด,,
,,,,ยอดสุทธิ,,
,,,,,,
,,,,,,
,,,,,,
,,,,,,
284,,INV20170801412,2017-08-26 19:43:53,,,
,,,,,,
,ลำดับ,รหัสสินค้า,,ออพชั่น,จำนวน,
,1,A002-BEIGE,,40,1,
,,,,รวมก่อนลด,1,
,,,,ส่วนลด,,
,,,,ยอดสุทธิ,,
,,,,,,
,,,,,,
,,,,,,
,,,,,,
285,,INV20170801440,2017-08-27 12:57:06,,,
,,,,,,
,ลำดับ,รหัสสินค้า,,ออพชั่น,จำนวน,
,1,SK-0203-NAVY,,S,1,
,,,,รวมก่อนลด,1,
,,,,ส่วนลด,,
,,,,ยอดสุทธิ,,
,,,,,,
,,,,,,
,,,,,,
,,,,,,
286,,INV20170801454,2017-08-27 13:38:32,,,
,,,,,,
,ลำดับ,รหัสสินค้า,,ออพชั่น,จำนวน,
,1,D-0244-BLACK,,S,1,
,,,,รวมก่อนลด,1,
,,,,ส่วนลด,,
,,,,ยอดสุทธิ,,
,,,,,,
,,,,,,
,,,,,,
,,,,,,
287,,INV20170801455,2017-08-27 13:44:55,,,
,,,,,,
,ลำดับ,รหัสสินค้า,,ออพชั่น,จำนวน,
,1,T-0258-WHITE,,---,1,
,,,,รวมก่อนลด,1,
,,,,ส่วนลด,,
,,,,ยอดสุทธิ,,
,,,,,,
,,,,,,
,,,,,,
,,,,,,
288,,INV20170801456,2017-08-27 13:45:54,,,
,,,,,,
,ลำดับ,รหัสสินค้า,,ออพชั่น,จำนวน,
,1,T-0262-NUDE PINK,,---,1,
,,,,รวมก่อนลด,1,
,,,,ส่วนลด,,
,,,,ยอดสุทธิ,,
,,,,,,
,,,,,,
,,,,,,
,,,,,,
289,,INV20170801460,2017-08-27 14:09:33,,,
,,,,,,
,ลำดับ,รหัสสินค้า,,ออพชั่น,จำนวน,
,1,SH-0192-NUDE PINK,,S,1,
,2,SK-0255-BURGUNDY,,S,1,
,3,SK-0259-NAVY,,S,1,
,4,T-0260-BLUE GREY,,---,1,
,5,T-0260-NAVY,,---,1,
,,,,รวมก่อนลด,5,
,,,,ส่วนลด,,
,,,,ยอดสุทธิ,,
,,,,,,
,,,,,,
,,,,,,
,,,,,,
290,,INV20170801469,2017-08-27 14:49:57,,,
,,,,,,
,ลำดับ,รหัสสินค้า,,ออพชั่น,จำนวน,
,1,A002-BLACK,,37,1,
,,,,รวมก่อนลด,1,
,,,,ส่วนลด,,
,,,,ยอดสุทธิ,,
,,,,,,
,,,,,,
,,,,,,
,,,,,,
291,,INV20170801476,2017-08-27 15:27:01,,,
,,,,,,
,ลำดับ,รหัสสินค้า,,ออพชั่น,จำนวน,
,1,D-0150-BLACK,,S,1,
,2,SK-0251-BLACK,,S,1,
,,,,รวมก่อนลด,2,
,,,,ส่วนลด,,
,,,,ยอดสุทธิ,,
,,,,,,
,,,,,,
,,,,,,
,,,,,,
292,,INV20170801479,2017-08-27 15:35:58,,,
,,,,,,
,ลำดับ,รหัสสินค้า,,ออพชั่น,จำนวน,
,1,D-0244-BLACK,,S,1,
,2,SK-0261-BLUE,,S,1,
,3,T-0258-BLUE,,---,1,
,,,,รวมก่อนลด,3,
,,,,ส่วนลด,,
,,,,ยอดสุทธิ,,
,,,,,,
,,,,,,
,,,,,,
,,,,,,
293,,INV20170801481,2017-08-27 15:51:22,,,
,,,,,,
,ลำดับ,รหัสสินค้า,,ออพชั่น,จำนวน,
,1,T-0124-BURGUNDY,,---,1,
,,,,รวมก่อนลด,1,
,,,,ส่วนลด,,
,,,,ยอดสุทธิ,,
,,,,,,
,,,,,,
,,,,,,
,,,,,,
294,,INV20170801484,2017-08-27 16:04:18,,,
,,,,,,
,ลำดับ,รหัสสินค้า,,ออพชั่น,จำนวน,
,1,SK-0162-PINK,,M,1,
,2,SK-0261-BLUE,,L,1,
,3,T-0258-BLUE,,---,1,
,,,,รวมก่อนลด,3,
,,,,ส่วนลด,,
,,,,ยอดสุทธิ,,
,,,,,,
,,,,,,
,,,,,,
,,,,,,
295,,INV20170801485,2017-08-27 16:07:08,,,
,,,,,,
,ลำดับ,รหัสสินค้า,,ออพชั่น,จำนวน,
,1,SK-0203-NAVY,,M,1,
,,,,รวมก่อนลด,1,
,,,,ส่วนลด,,
,,,,ยอดสุทธิ,,
,,,,,,
,,,,,,
,,,,,,
,,,,,,
296,,INV20170801491,2017-08-27 17:05:10,,,
,,,,,,
,ลำดับ,รหัสสินค้า,,ออพชั่น,จำนวน,
,1,D-0183-BLACK,,M,1,
,,,,รวมก่อนลด,1,
,,,,ส่วนลด,,
,,,,ยอดสุทธิ,,
,,,,,,
,,,,,,
,,,,,,
,,,,,,
297,,INV20170801492,2017-08-27 17:09:50,,,
,,,,,,
,ลำดับ,รหัสสินค้า,,ออพชั่น,จำนวน,
,1,D-0204-BLUE GREY,,S,1,
,,,,รวมก่อนลด,1,
,,,,ส่วนลด,,
,,,,ยอดสุทธิ,,
,,,,,,
,,,,,,
,,,,,,
,,,,,,
298,,INV20170801504,2017-08-27 18:42:01,,,
,,,,,,
,ลำดับ,รหัสสินค้า,,ออพชั่น,จำนวน,
,1,SK-0261-BLACK,,S,1,
,2,T-0262-BLACK,,---,1,
,,,,รวมก่อนลด,2,
,,,,ส่วนลด,,
,,,,ยอดสุทธิ,,
,,,,,,
,,,,,,
,,,,,,
,,,,,,
299,,INV20170801506,2017-08-27 18:58:15,,,
,,,,,,
,ลำดับ,รหัสสินค้า,,ออพชั่น,จำนวน,
,1,SK-0222-BLACK,,M,1,
,2,SK-0251-BLUE GREY,,M,1,
,3,T-0221-BLACK,,---,1,
,,,,รวมก่อนลด,3,
,,,,ส่วนลด,,
,,,,ยอดสุทธิ,,
,,,,,,
,,,,,,
,,,,,,
,,,,,,
300,,INV20170801512,2017-08-27 19:34:34,,,
,,,,,,
,ลำดับ,รหัสสินค้า,,ออพชั่น,จำนวน,
,1,SK-0248-BLACK,,S,1,
,2,SK-0261-BLUE,,S,1,
,3,T-0258-BLUE,,---,1,
,,,,รวมก่อนลด,3,
,,,,ส่วนลด,,
,,,,ยอดสุทธิ,,
,,,,,,
,,,,,,
,,,,,,
,,,,,,
301,,INV20170801513,2017-08-27 20:07:52,,,
,,,,,,
,ลำดับ,รหัสสินค้า,,ออพชั่น,จำนวน,
,1,SK-0203-BLUE GREY,,L,1,
,,,,รวมก่อนลด,1,
,,,,ส่วนลด,,
,,,,ยอดสุทธิ,,
,,,,,,
,,,,,,
,,,,,,
,,,,,,
302,,INV20170801530,2017-08-28 11:55:44,,,
,,,,,,
,ลำดับ,รหัสสินค้า,,ออพชั่น,จำนวน,
,1,T-0110-BLACK,,---,1,
,,,,รวมก่อนลด,1,
,,,,ส่วนลด,,
,,,,ยอดสุทธิ,,
,,,,,,
,,,,,,
,,,,,,
,,,,,,
303,,INV20170801531,2017-08-28 12:03:25,,,
,,,,,,
,ลำดับ,รหัสสินค้า,,ออพชั่น,จำนวน,
,1,D-0257-GREY,,S,1,
,,,,รวมก่อนลด,1,
,,,,ส่วนลด,,
,,,,ยอดสุทธิ,,
,,,,,,
,,,,,,
,,,,,,
,,,,,,
304,,INV20170801538,2017-08-28 14:15:50,,,
,,,,,,
,ลำดับ,รหัสสินค้า,,ออพชั่น,จำนวน,
,1,SK-0207-BLACK,,S,1,
,,,,รวมก่อนลด,1,
,,,,ส่วนลด,,
,,,,ยอดสุทธิ,,
,,,,,,
,,,,,,
,,,,,,
,,,,,,
305,,INV20170801551,2017-08-28 17:03:59,,,
,,,,,,
,ลำดับ,รหัสสินค้า,,ออพชั่น,จำนวน,
,1,SK-0261-DARK GREY,,S,1,
,,,,รวมก่อนลด,1,
,,,,ส่วนลด,,
,,,,ยอดสุทธิ,,
,,,,,,
,,,,,,
,,,,,,
,,,,,,
306,,INV20170801552,2017-08-28 17:41:43,,,
,,,,,,
,ลำดับ,รหัสสินค้า,,ออพชั่น,จำนวน,
,1,SK-0245-WHITE,,M,1,
,2,SK-0261-BLACK,,M,1,
,3,T-0260-NAVY,,---,1,
,,,,รวมก่อนลด,3,
,,,,ส่วนลด,,
,,,,ยอดสุทธิ,,
,,,,,,
,,,,,,
,,,,,,
,,,,,,
307,,INV20170801554,2017-08-28 18:31:09,,,
,,,,,,
,ลำดับ,รหัสสินค้า,,ออพชั่น,จำนวน,
,1,T-0258-BLUE,,---,1,
,,,,รวมก่อนลด,1,
,,,,ส่วนลด,,
,,,,ยอดสุทธิ,,
,,,,,,
,,,,,,
,,,,,,
,,,,,,
308,,INV20170801561,2017-08-28 19:47:20,,,
,,,,,,
,ลำดับ,รหัสสินค้า,,ออพชั่น,จำนวน,
,1,SK-0261-BLACK,,L,1,
,2,SK-0261-BLUE,,L,1,
,,,,รวมก่อนลด,2,
,,,,ส่วนลด,,
,,,,ยอดสุทธิ,,
,,,,,,
,,,,,,
,,,,,,
,,,,,,
309,,INV20170801562,2017-08-28 19:49:56,,,
,,,,,,
,ลำดับ,รหัสสินค้า,,ออพชั่น,จำนวน,
,1,SK-0240-GREY,,L,1,
,,,,รวมก่อนลด,1,
,,,,ส่วนลด,,
,,,,ยอดสุทธิ,,
,,,,,,
,,,,,,
,,,,,,
,,,,,,
310,,INV20170801563,2017-08-28 19:51:20,,,
,,,,,,
,ลำดับ,รหัสสินค้า,,ออพชั่น,จำนวน,
,1,D-0183-BLACK,,M,1,
,,,,รวมก่อนลด,1,
,,,,ส่วนลด,,
,,,,ยอดสุทธิ,,
,,,,,,
,,,,,,
,,,,,,
,,,,,,
311,,INV20170801568,2017-08-28 20:45:57,,,
,,,,,,
,ลำดับ,รหัสสินค้า,,ออพชั่น,จำนวน,
,1,SK-0203-NAVY,,L,1,
,,,,รวมก่อนลด,1,
,,,,ส่วนลด,,
,,,,ยอดสุทธิ,,
,,,,,,
,,,,,,
,,,,,,
,,,,,,
312,,INV20170801571,2017-08-28 21:01:17,,,
,,,,,,
,ลำดับ,รหัสสินค้า,,ออพชั่น,จำนวน,
,1,T-0258-WHITE,,---,1,
,,,,รวมก่อนลด,1,
,,,,ส่วนลด,,
,,,,ยอดสุทธิ,,
,,,,,,
,,,,,,
,,,,,,
,,,,,,
313,,INV20170801583,2017-08-29 12:42:23,,,
,,,,,,
,ลำดับ,รหัสสินค้า,,ออพชั่น,จำนวน,
,1,D-0246-BLACK,,M,1,
,,,,รวมก่อนลด,1,
,,,,ส่วนลด,,
,,,,ยอดสุทธิ,,
,,,,,,
,,,,,,
,,,,,,
,,,,,,
314,,INV20170801596,2017-08-29 17:57:50,,,
,,,,,,
,ลำดับ,รหัสสินค้า,,ออพชั่น,จำนวน,
,1,SK-0261-DARK GREY,,L,1,
,,,,รวมก่อนลด,1,
,,,,ส่วนลด,,
,,,,ยอดสุทธิ,,
,,,,,,
,,,,,,
,,,,,,
,,,,,,
315,,INV20170801599,2017-08-29 18:08:46,,,
,,,,,,
,ลำดับ,รหัสสินค้า,,ออพชั่น,จำนวน,
,1,SK-0261-BLUE,,S,1,
,2,T-0258-BLUE,,---,1,
,,,,รวมก่อนลด,2,
,,,,ส่วนลด,,
,,,,ยอดสุทธิ,,
,,,,,,
,,,,,,
,,,,,,
,,,,,,
316,,INV20170801600,2017-08-29 18:10:09,,,
,,,,,,
,ลำดับ,รหัสสินค้า,,ออพชั่น,จำนวน,
,1,T-0258-WHITE,,---,1,
,,,,รวมก่อนลด,1,
,,,,ส่วนลด,,
,,,,ยอดสุทธิ,,
,,,,,,
,,,,,,
,,,,,,
,,,,,,
317,,INV20170801601,2017-08-29 18:11:26,,,
,,,,,,
,ลำดับ,รหัสสินค้า,,ออพชั่น,จำนวน,
,1,D-0246-GREY,,M,1,
,,,,รวมก่อนลด,1,
,,,,ส่วนลด,,
,,,,ยอดสุทธิ,,
,,,,,,
,,,,,,
,,,,,,
,,,,,,
318,,INV20170801603,2017-08-29 18:13:02,,,
,,,,,,
,ลำดับ,รหัสสินค้า,,ออพชั่น,จำนวน,
,1,T-0193-BLACK,,M,1,
,,,,รวมก่อนลด,1,
,,,,ส่วนลด,,
,,,,ยอดสุทธิ,,
,,,,,,
,,,,,,
,,,,,,
,,,,,,
319,,INV20170801605,2017-08-29 18:28:25,,,
,,,,,,
,ลำดับ,รหัสสินค้า,,ออพชั่น,จำนวน,
,1,D-0257-BLACK,,S,1,
,,,,รวมก่อนลด,1,
,,,,ส่วนลด,,
,,,,ยอดสุทธิ,,
,,,,,,
,,,,,,
,,,,,,
,,,,,,
320,,INV20170801608,2017-08-29 18:40:51,,,
,,,,,,
,ลำดับ,รหัสสินค้า,,ออพชั่น,จำนวน,
,1,SK-0245-WHITE,,L,1,
,,,,รวมก่อนลด,1,
,,,,ส่วนลด,,
,,,,ยอดสุทธิ,,
,,,,,,
,,,,,,
,,,,,,
,,,,,,
321,,INV20170801609,2017-08-29 18:42:51,,,
,,,,,,
,ลำดับ,รหัสสินค้า,,ออพชั่น,จำนวน,
,1,T-0260-BLUE GREY,,---,1,
,2,T-0262-NUDE PINK,,---,1,
,,,,รวมก่อนลด,2,
,,,,ส่วนลด,,
,,,,ยอดสุทธิ,,
,,,,,,
,,,,,,
,,,,,,
,,,,,,
322,,INV20170801614,2017-08-29 19:33:54,,,
,,,,,,
,ลำดับ,รหัสสินค้า,,ออพชั่น,จำนวน,
,1,D-0183-BLACK,,S,1,
,2,SK-0259-BLUE GREY,,M,1,
,,,,รวมก่อนลด,2,
,,,,ส่วนลด,,
,,,,ยอดสุทธิ,,
,,,,,,
,,,,,,
,,,,,,
,,,,,,
323,,INV20170801615,2017-08-29 19:40:41,,,
,,,,,,
,ลำดับ,รหัสสินค้า,,ออพชั่น,จำนวน,
,1,SK-0162-WHITE,,L,1,
,2,SK-0207-BLACK,,L,1,
,,,,รวมก่อนลด,2,
,,,,ส่วนลด,,
,,,,ยอดสุทธิ,,
,,,,,,
,,,,,,
,,,,,,
,,,,,,
324,,INV20170801616,2017-08-29 19:59:47,,,
,,,,,,
,ลำดับ,รหัสสินค้า,,ออพชั่น,จำนวน,
,1,SK-0255-BEIGE,,M,1,
,,,,รวมก่อนลด,1,
,,,,ส่วนลด,,
,,,,ยอดสุทธิ,,
,,,,,,
,,,,,,
,,,,,,
,,,,,,
325,,INV20170801625,2017-08-30 12:28:47,,,
,,,,,,
,ลำดับ,รหัสสินค้า,,ออพชั่น,จำนวน,
,1,D-0257-BLACK,,S,1,
,,,,รวมก่อนลด,1,
,,,,ส่วนลด,,
,,,,ยอดสุทธิ,,
,,,,,,
,,,,,,
,,,,,,
,,,,,,
326,,INV20170801626,2017-08-30 12:29:45,,,
,,,,,,
,ลำดับ,รหัสสินค้า,,ออพชั่น,จำนวน,
,1,SK-0251-BLACK,,L,1,
,,,,รวมก่อนลด,1,
,,,,ส่วนลด,,
,,,,ยอดสุทธิ,,
,,,,,,
,,,,,,
,,,,,,
,,,,,,
327,,INV20170801632,2017-08-30 13:33:59,,,
,,,,,,
,ลำดับ,รหัสสินค้า,,ออพชั่น,จำนวน,
,1,SK-0261-BLACK,,M,1,
,,,,รวมก่อนลด,1,
,,,,ส่วนลด,,
,,,,ยอดสุทธิ,,
,,,,,,
,,,,,,
,,,,,,
,,,,,,
328,,INV20170801637,2017-08-30 14:09:34,,,
,,,,,,
,ลำดับ,รหัสสินค้า,,ออพชั่น,จำนวน,
,1,D-0257-BLACK,,M,1,
,,,,รวมก่อนลด,1,
,,,,ส่วนลด,,
,,,,ยอดสุทธิ,,
,,,,,,
,,,,,,
,,,,,,
,,,,,,
329,,INV20170801648,2017-08-30 16:21:02,,,
,,,,,,
,ลำดับ,รหัสสินค้า,,ออพชั่น,จำนวน,
,1,T-0249-BLACK,,---,1,
,,,,รวมก่อนลด,1,
,,,,ส่วนลด,,
,,,,ยอดสุทธิ,,
,,,,,,
,,,,,,
,,,,,,
,,,,,,
330,,INV20170801650,2017-08-30 17:11:57,,,
,,,,,,
,ลำดับ,รหัสสินค้า,,ออพชั่น,จำนวน,
,1,D-0150-WHITE,,M,1,
,,,,รวมก่อนลด,1,
,,,,ส่วนลด,,
,,,,ยอดสุทธิ,,
,,,,,,
,,,,,,
,,,,,,
,,,,,,
331,,INV20170801658,2017-08-30 18:34:03,,,
,,,,,,
,ลำดับ,รหัสสินค้า,,ออพชั่น,จำนวน,
,1,D-0204-NAVY,,S,1,
,2,D-0223-BLACK,,M,1,
,,,,รวมก่อนลด,2,
,,,,ส่วนลด,,
,,,,ยอดสุทธิ,,
,,,,,,
,,,,,,
,,,,,,
,,,,,,
332,,INV20170801661,2017-08-30 19:46:11,,,
,,,,,,
,ลำดับ,รหัสสินค้า,,ออพชั่น,จำนวน,
,1,D-0246-GREY,,M,1,
,,,,รวมก่อนลด,1,
,,,,ส่วนลด,,
,,,,ยอดสุทธิ,,
,,,,,,
,,,,,,
,,,,,,
,,,,,,
333,,INV20170801663,2017-08-30 19:50:53,,,
,,,,,,
,ลำดับ,รหัสสินค้า,,ออพชั่น,จำนวน,
,1,SK-0261-BLUE,,M,1,
,,,,รวมก่อนลด,1,
,,,,ส่วนลด,,
,,,,ยอดสุทธิ,,
,,,,,,
,,,,,,
,,,,,,
,,,,,,
334,,INV20170801666,2017-08-30 20:19:03,,,
,,,,,,
,ลำดับ,รหัสสินค้า,,ออพชั่น,จำนวน,
,1,SK-0261-BLACK,,M,1,
,2,SK-0261-BLUE,,M,-1,
,,,,รวมก่อนลด,0,
,,,,ส่วนลด,,
,,,,ยอดสุทธิ,,
,,,,,,
,,,,,,
,,,,,,
,,,,,,
335,,INV20170801680,2017-08-31 13:31:18,,,
,,,,,,
,ลำดับ,รหัสสินค้า,,ออพชั่น,จำนวน,
,1,SK-0261-BLUE,,S,1,
,2,T-0193-NAVY,,S,1,
,3,T-0258-BLUE,,---,1,
,,,,รวมก่อนลด,3,
,,,,ส่วนลด,,
,,,,ยอดสุทธิ,,
,,,,,,
,,,,,,
,,,,,,
,,,,,,
336,,INV20170801682,2017-08-31 13:47:03,,,
,,,,,,
,ลำดับ,รหัสสินค้า,,ออพชั่น,จำนวน,
,1,SK-0202-BLACK,,L,1,
,2,T-0258-WHITE,,---,1,
,,,,รวมก่อนลด,2,
,,,,ส่วนลด,,
,,,,ยอดสุทธิ,,
,,,,,,
,,,,,,
,,,,,,
,,,,,,
337,,INV20170801689,2017-08-31 15:51:47,,,
,,,,,,
,ลำดับ,รหัสสินค้า,,ออพชั่น,จำนวน,
,1,D-0150-BLACK,,M,1,
,2,SK-0207-BLUE GREY,,S,1,
,,,,รวมก่อนลด,2,
,,,,ส่วนลด,,
,,,,ยอดสุทธิ,,
,,,,,,
,,,,,,
,,,,,,
,,,,,,
338,,INV20170801692,2017-08-31 16:38:35,,,
,,,,,,
,ลำดับ,รหัสสินค้า,,ออพชั่น,จำนวน,
,1,SK-0251-BLACK,,M,2,
,,,,รวมก่อนลด,2,
,,,,ส่วนลด,,
,,,,ยอดสุทธิ,,
,,,,,,
,,,,,,
,,,,,,
,,,,,,
339,,INV20170801693,2017-08-31 17:04:48,,,
,,,,,,
,ลำดับ,รหัสสินค้า,,ออพชั่น,จำนวน,
,1,T-0193-WHITE,,M,1,
,2,T-0258-BLUE,,---,1,
,,,,รวมก่อนลด,2,
,,,,ส่วนลด,,
,,,,ยอดสุทธิ,,
,,,,,,
,,,,,,
,,,,,,
,,,,,,
340,,INV20170801696,2017-08-31 17:53:57,,,
,,,,,,
,ลำดับ,รหัสสินค้า,,ออพชั่น,จำนวน,
,1,SK-0259-BLUE GREY,,M,1,
,2,SK-0259-NAVY,,L,1,
,3,T-0260-NAVY,,---,1,
,4,T-0262-BLACK,,---,1,
,,,,รวมก่อนลด,4,
,,,,ส่วนลด,,
,,,,ยอดสุทธิ,,
,,,,,,
,,,,,,
,,,,,,
,,,,,,
341,,INV20170801699,2017-08-31 18:06:38,,,
,,,,,,
,ลำดับ,รหัสสินค้า,,ออพชั่น,จำนวน,
,1,SK-0207-NAVY,,M,1,
,2,SK-0259-BLUE GREY,,M,1,
,3,T-0226-BLACK,,S,1,
,4,T-0260-BLUE GREY,,---,1,
,,,,รวมก่อนลด,4,
,,,,ส่วนลด,,
,,,,ยอดสุทธิ,,
,,,,,,
,,,,,,
,,,,,,
,,,,,,
342,,INV20170801701,2017-08-31 18:26:50,,,
,,,,,,
,ลำดับ,รหัสสินค้า,,ออพชั่น,จำนวน,
,1,T-0258-WHITE,,---,1,
,,,,รวมก่อนลด,1,
,,,,ส่วนลด,,
,,,,ยอดสุทธิ,,
,,,,,,
,,,,,,
,,,,,,
,,,,,,
343,,INV20170801713,2017-08-31 20:03:55,,,
,,,,,,
,ลำดับ,รหัสสินค้า,,ออพชั่น,จำนวน,
,1,A001-BLACK,,37,1,
,,,,รวมก่อนลด,1,
,,,,ส่วนลด,,
,,,,ยอดสุทธิ,,